0, 0, 0, -6.50266E-21, 8.7917E-20, -6.50266E-21, -7.49117E-20
0.05, 0, 0, -2.69535E-09, 5.10764E-12, 2.69023E-09, 8.02146E-15
0.1, 0, 0, -3.47378E-09, 1.39085E-11, 3.45986E-09, 9.60963E-15
0.15, 0, 0, -3.99514E-09, 2.7367E-11, 3.96776E-09, 9.92509E-15
0.2, 0, 0, -4.52327E-09, 4.66315E-11, 4.47663E-09, 9.98899E-15
0.25, 0, 0, -5.09847E-09, 7.30653E-11, 5.0254E-09, 1.00034E-14
0.3, 0, 0, -5.73642E-09, 1.08281E-10, 5.62813E-09, 1.00085E-14
0.35, 0, 0, -6.44847E-09, 1.54182E-10, 6.29427E-09, 1.0012E-14
0.4, 0, 0, -7.24539E-09, 2.13007E-10, 7.03237E-09, 1.00158E-14
0.45, 0, 0, -8.13847E-09, 2.87382E-10, 7.85108E-09, 1.00202E-14
0.5, 0, 0, -9.14E-09, 3.80382E-10, 8.7596E-09, 1.00254E-14
0.55, 0, 0, -1.02635E-08, 4.95603E-10, 9.76788E-09, 1.00315E-14
0.6, 0, 0, -1.1524E-08, 6.37234E-10, 1.08867E-08, 1.00387E-14
0.65, 0, 0, -1.29382E-08, 8.10153E-10, 1.21281E-08, 1.0047E-14
0.7, 0, 0, -1.45249E-08, 1.02003E-09, 1.35048E-08, 1.00567E-14
0.75, 0, 0, -1.63047E-08, 1.27344E-09, 1.50313E-08, 1.0068E-14
0.8, 0, 0, -1.8301E-08, 1.578E-09, 1.6723E-08, 1.00811E-14
0.85, 0, 0, -2.05397E-08, 1.94253E-09, 1.85971E-08, 1.00962E-14
0.9, 0, 0, -2.30497E-08, 2.37721E-09, 2.06724E-08, 1.01136E-14
0.95, 0, 0, -2.58632E-08, 2.89379E-09, 2.29694E-08, 1.02584E-14
1, 0, 0, -2.90163E-08, 3.50583E-09, 2.55104E-08, 1.20779E-14
1.05, 0, 0, -3.25492E-08, 4.22892E-09, 2.83202E-08, 1.37782E-13
1.1, 0, 0, -3.65127E-08, 5.08101E-09, 3.14255E-08, 6.25302E-12
0, 0, 0.05, 2.69023E-09, 5.10764E-12, -2.69534E-09, 5.43428E-17
0.05, 0, 0.05, -5.11567E-12, 1.02153E-11, -5.1077E-12, 8.07483E-15
0.1, 0, 0.05, -7.36801E-10, 1.90162E-11, 7.17775E-10, 9.66213E-15
0.15, 0, 0.05, -9.58942E-10, 3.24746E-11, 9.26458E-10, 9.97646E-15
0.2, 0, 0.05, -1.11719E-09, 5.17392E-11, 1.06544E-09, 1.0039E-14
0.25, 0, 0.05, -1.28353E-09, 7.8173E-11, 1.20535E-09, 1.00518E-14
0.3, 0, 0.05, -1.47017E-09, 1.13389E-10, 1.35677E-09, 1.00548E-14
0.35, 0, 0.05, -1.68292E-09, 1.5929E-10, 1.52362E-09, 1.0056E-14
0.4, 0, 0.05, -1.92673E-09, 2.18115E-10, 1.70861E-09, 1.00569E-14
0.45, 0, 0.05, -2.20674E-09, 2.92489E-10, 1.91424E-09, 1.0058E-14
0.5, 0, 0.05, -2.52858E-09, 3.8549E-10, 2.14308E-09, 1.00592E-14
0.55, 0, 0.05, -2.89859E-09, 5.0071E-10, 2.39787E-09, 1.00606E-14
0.6, 0, 0.05, -3.32397E-09, 6.42341E-10, 2.68162E-09, 1.00623E-14
0.65, 0, 0.05, -3.81286E-09, 8.1526E-10, 2.99759E-09, 1.00643E-14
0.7, 0, 0.05, -4.37458E-09, 1.02514E-09, 3.34943E-09, 1.00666E-14
0.75, 0, 0.05, -5.01967E-09, 1.27855E-09, 3.74112E-09, 1.00694E-14
0.8, 0, 0.05, -5.76018E-09, 1.58311E-09, 4.17707E-09, 1.00726E-14
0.85, 0, 0.05, -6.60979E-09, 1.94764E-09, 4.66215E-09, 1.00763E-14
0.9, 0, 0.05, -7.58406E-09, 2.38232E-09, 5.20173E-09, 1.00806E-14
0.95, 0, 0.05, -8.70066E-09, 2.8989E-09, 5.80175E-09, 1.00856E-14
1, 0, 0.05, -9.97969E-09, 3.51094E-09, 6.46874E-09, 1.0452E-14
1.05, 0, 0.05, -1.14441E-08, 4.23403E-09, 7.20992E-09, 1.2834E-13
1.1, 0, 0.05, -1.31256E-08, 5.08611E-09, 8.03324E-09, 6.20551E-12
0, 0, 0.1, 3.45986E-09, 1.39085E-11, -3.47377E-09, 6.6009E-17
0.05, 0, 0.1, 7.17767E-10, 1.90162E-11, -7.36792E-10, 8.08562E-15
0.1, 0, 0.1, -1.39181E-11, 2.78171E-11, -1.39086E-11, 9.67235E-15
0.15, 0, 0.1, -2.16884E-10, 4.12755E-11, 1.75598E-10, 9.98644E-15
0.2, 0, 0.1, -2.91231E-10, 6.054E-11, 2.30681E-10, 1.00487E-14
0.25, 0, 0.1, -3.54574E-10, 8.69739E-11, 2.6759E-10, 1.00611E-14
0.3, 0, 0.1, -4.27066E-10, 1.2219E-10, 3.04866E-10, 1.00636E-14
0.35, 0, 0.1, -5.13407E-10, 1.68091E-10, 3.45306E-10, 1.00643E-14
0.4, 0, 0.1, -6.16893E-10, 2.26915E-10, 3.89967E-10, 1.00645E-14
0.45, 0, 0.1, -7.40893E-10, 3.0129E-10, 4.39593E-10, 1.00648E-14
0.5, 0, 0.1, -8.89177E-10, 3.94291E-10, 4.94876E-10, 1.00651E-14
0.55, 0, 0.1, -1.06606E-09, 5.09511E-10, 5.56536E-10, 1.00654E-14
0.6, 0, 0.1, -1.2765E-09, 6.51142E-10, 6.25346E-10, 1.00658E-14
0.65, 0, 0.1, -1.52622E-09, 8.24061E-10, 7.02152E-10, 1.00662E-14
0.7, 0, 0.1, -1.82184E-09, 1.03394E-09, 7.87891E-10, 1.00668E-14
0.75, 0, 0.1, -2.17095E-09, 1.28735E-09, 8.83595E-10, 1.00674E-14
0.8, 0, 0.1, -2.58233E-09, 1.59191E-09, 9.90411E-10, 1.00681E-14
0.85, 0, 0.1, -3.06606E-09, 1.95644E-09, 1.10961E-09, 1.0069E-14
0.9, 0, 0.1, -3.63373E-09, 2.39112E-09, 1.2426E-09, 1.007E-14
0.95, 0, 0.1, -4.29866E-09, 2.9077E-09, 1.39095E-09, 1.00712E-14
1, 0, 0.1, -5.07614E-09, 3.51974E-09, 1.55639E-09, 1.03974E-14
1.05, 0, 0.1, -5.98379E-09, 4.24283E-09, 1.74084E-09, 1.27838E-13
1.1, 0, 0.1, -7.04755E-09, 5.09492E-09, 1.94643E-09, 6.20164E-12
0, 0, 0.15, 3.96776E-09, 2.7367E-11, -3.99513E-09, 6.95153E-17
0.05, 0, 0.15, 9.2645E-10, 3.24746E-11, -9.58933E-10, 8.088E-15
0.1, 0, 0.15, 1.75589E-10, 4.12755E-11, -2.16874E-10, 9.67449E-15
0.15, 0, 0.15, -2.73769E-11, 5.4734E-11, -2.7367E-11, 9.98815E-15
0.2, 0, 0.15, -9.54317E-11, 7.39985E-11, 2.14232E-11, 1.00503E-14
0.25, 0, 0.15, -1.36122E-10, 1.00432E-10, 3.56793E-11, 1.00626E-14
0.3, 0, 0.15, -1.80932E-10, 1.35648E-10, 4.52739E-11, 1.00651E-14
0.35, 0, 0.15, -2.36546E-10, 1.81549E-10, 5.49864E-11, 1.00656E-14
0.4, 0, 0.15, -3.05926E-10, 2.40374E-10, 6.5542E-11, 1.00657E-14
0.45, 0, 0.15, -3.91976E-10, 3.14749E-10, 7.72176E-11, 1.00658E-14
0.5, 0, 0.15, -4.97971E-10, 4.07749E-10, 9.02111E-11, 1.00659E-14
0.55, 0, 0.15, -6.27688E-10, 5.2297E-10, 1.04708E-10, 1.00659E-14
0.6, 0, 0.15, -7.85514E-10, 6.64601E-10, 1.20903E-10, 1.0066E-14
0.65, 0, 0.15, -9.76534E-10, 8.3752E-10, 1.39005E-10, 1.00661E-14
0.7, 0, 0.15, -1.20665E-09, 1.0474E-09, 1.59243E-10, 1.00662E-14
0.75, 0, 0.15, -1.48269E-09, 1.3008E-09, 1.81872E-10, 1.00664E-14
0.8, 0, 0.15, -1.81255E-09, 1.60537E-09, 2.07175E-10, 1.00665E-14
0.85, 0, 0.15, -2.20537E-09, 1.96989E-09, 2.35465E-10, 1.00667E-14
0.9, 0, 0.15, -2.67168E-09, 2.40457E-09, 2.67092E-10, 1.0067E-14
0.95, 0, 0.15, -3.22361E-09, 2.92116E-09, 3.02444E-10, 1.00673E-14
1, 0, 0.15, -3.87516E-09, 3.5332E-09, 3.41953E-10, 1.03923E-14
1.05, 0, 0.15, -4.64252E-09, 4.25629E-09, 3.861E-10, 1.27814E-13
1.1, 0, 0.15, -5.54999E-09, 5.10837E-09, 4.3542E-10, 6.20119E-12
0, 0, 0.2, 4.47663E-09, 4.66315E-11, -4.52326E-09, 7.16845E-17
0.05, 0, 0.2, 1.06543E-09, 5.17392E-11, -1.11718E-09, 8.08879E-15
0.1, 0, 0.2, 2.30671E-10, 6.054E-11, -2.91221E-10, 9.67498E-15
0.15, 0, 0.2, 2.14133E-11, 7.39985E-11, -9.54218E-11, 9.98858E-15
0.2, 0, 0.2, -4.66415E-11, 9.3263E-11, -4.66316E-11, 1.00504E-14
0.25, 0, 0.2, -8.54633E-11, 1.19697E-10, -3.42436E-11, 1.00627E-14
0.3, 0, 0.2, -1.24314E-10, 1.54913E-10, -3.06087E-11, 1.00651E-14
0.35, 0, 0.2, -1.7267E-10, 2.00814E-10, -2.8154E-11, 1.00656E-14
0.4, 0, 0.2, -2.33984E-10, 2.59638E-10, -2.56646E-11, 1.00657E-14
0.45, 0, 0.2, -3.11068E-10, 3.34013E-10, -2.29556E-11, 1.00657E-14
0.5, 0, 0.2, -4.07068E-10, 4.27014E-10, -1.99555E-11, 1.00657E-14
0.55, 0, 0.2, -5.25632E-10, 5.42234E-10, -1.66128E-11, 1.00658E-14
0.6, 0, 0.2, -6.70996E-10, 6.83865E-10, -1.28789E-11, 1.00658E-14
0.65, 0, 0.2, -8.48091E-10, 8.56784E-10, -8.70304E-12, 1.00658E-14
0.7, 0, 0.2, -1.06264E-09, 1.06666E-09, -4.02999E-12, 1.00658E-14
0.75, 0, 0.2, -1.32128E-09, 1.32007E-09, 1.20094E-12, 1.00659E-14
0.8, 0, 0.2, -1.6317E-09, 1.62463E-09, 7.05707E-12, 1.00659E-14
0.85, 0, 0.2, -2.00278E-09, 1.98916E-09, 1.36132E-11, 1.00659E-14
0.9, 0, 0.2, -2.4448E-09, 2.42384E-09, 2.09528E-11, 1.0066E-14
0.95, 0, 0.2, -2.9696E-09, 2.94042E-09, 2.91687E-11, 1.00661E-14
1, 0, 0.2, -3.59084E-09, 3.55246E-09, 3.83645E-11, 1.03909E-14
1.05, 0, 0.2, -4.32434E-09, 4.27555E-09, 4.86557E-11, 1.27812E-13
1.1, 0, 0.2, -5.19401E-09, 5.12764E-09, 6.0171E-11, 6.20118E-12
0, 0, 0.25, 5.0254E-09, 7.30653E-11, -5.09846E-09, 7.39102E-17
0.05, 0, 0.25, 1.20534E-09, 7.8173E-11, -1.28352E-09, 8.08935E-15
0.1, 0, 0.25, 2.6758E-10, 8.69739E-11, -3.54564E-10, 9.67516E-15
0.15, 0, 0.25, 3.56694E-11, 1.00432E-10, -1.36112E-10, 9.98868E-15
0.2, 0, 0.25, -3.42535E-11, 1.19697E-10, -8.54534E-11, 1.00504E-14
0.25, 0, 0.25, -7.30753E-11, 1.46131E-10, -7.30654E-11, 1.00624E-14
0.3, 0, 0.25, -1.11401E-10, 1.81347E-10, -6.99554E-11, 1.00648E-14
0.35, 0, 0.25, -1.58218E-10, 2.27248E-10, -6.90396E-11, 1.00653E-14
0.4, 0, 0.25, -2.17663E-10, 2.86072E-10, -6.84194E-11, 1.00654E-14
0.45, 0, 0.25, -2.92667E-10, 3.60447E-10, -6.77895E-11, 1.00655E-14
0.5, 0, 0.25, -3.86354E-10, 4.53448E-10, -6.71033E-11, 1.00655E-14
0.55, 0, 0.25, -5.02336E-10, 5.68668E-10, -6.63426E-11, 1.00655E-14
0.6, 0, 0.25, -6.44815E-10, 7.10299E-10, -6.54942E-11, 1.00655E-14
0.65, 0, 0.25, -8.18682E-10, 8.83218E-10, -6.45457E-11, 1.00655E-14
0.7, 0, 0.25, -1.02962E-09, 1.09309E-09, -6.34839E-11, 1.00655E-14
0.75, 0, 0.25, -1.28422E-09, 1.3465E-09, -6.22946E-11, 1.00655E-14
0.8, 0, 0.25, -1.59011E-09, 1.65106E-09, -6.0962E-11, 1.00655E-14
0.85, 0, 0.25, -1.95613E-09, 2.01559E-09, -5.94688E-11, 1.00655E-14
0.9, 0, 0.25, -2.39249E-09, 2.45027E-09, -5.77954E-11, 1.00655E-14
0.95, 0, 0.25, -2.91095E-09, 2.96686E-09, -5.59202E-11, 1.00655E-14
1, 0, 0.25, -3.52509E-09, 3.5789E-09, -5.3819E-11, 1.03903E-14
1.05, 0, 0.25, -4.25065E-09, 4.30199E-09, -5.14648E-11, 1.27811E-13
1.1, 0, 0.25, -5.11145E-09, 5.15407E-09, -4.88274E-11, 6.20118E-12
0, 0, 0.3, 5.62813E-09, 1.08281E-10, -5.73641E-09, 7.65171E-17
0.05, 0, 0.3, 1.35676E-09, 1.13389E-10, -1.47016E-09, 8.08995E-15
0.1, 0, 0.3, 3.04856E-10, 1.2219E-10, -4.27056E-10, 9.6753E-15
0.15, 0, 0.3, 4.5264E-11, 1.35648E-10, -1.80922E-10, 9.98872E-15
0.2, 0, 0.3, -3.06186E-11, 1.54913E-10, -1.24304E-10, 1.00505E-14
0.25, 0, 0.3, -6.99653E-11, 1.81347E-10, -1.11392E-10, 1.00624E-14
0.3, 0, 0.3, -1.08291E-10, 2.16563E-10, -1.08281E-10, 1.00646E-14
0.35, 0, 0.3, -1.54966E-10, 2.62464E-10, -1.07508E-10, 1.0065E-14
0.4, 0, 0.3, -2.14019E-10, 3.21288E-10, -1.0728E-10, 1.00651E-14
0.45, 0, 0.3, -2.88548E-10, 3.95663E-10, -1.07125E-10, 1.00652E-14
0.5, 0, 0.3, -3.81707E-10, 4.88664E-10, -1.06967E-10, 1.00652E-14
0.55, 0, 0.3, -4.97099E-10, 6.03884E-10, -1.06795E-10, 1.00652E-14
0.6, 0, 0.3, -6.38921E-10, 7.45515E-10, -1.06604E-10, 1.00652E-14
0.65, 0, 0.3, -8.12053E-10, 9.18434E-10, -1.06391E-10, 1.00652E-14
0.7, 0, 0.3, -1.02217E-09, 1.12831E-09, -1.06153E-10, 1.00652E-14
0.75, 0, 0.3, -1.27584E-09, 1.38172E-09, -1.05886E-10, 1.00652E-14
0.8, 0, 0.3, -1.5807E-09, 1.68628E-09, -1.05587E-10, 1.00652E-14
0.85, 0, 0.3, -1.94557E-09, 2.05081E-09, -1.05251E-10, 1.00652E-14
0.9, 0, 0.3, -2.38062E-09, 2.48549E-09, -1.04875E-10, 1.00652E-14
0.95, 0, 0.3, -2.89763E-09, 3.00207E-09, -1.04453E-10, 1.00652E-14
1, 0, 0.3, -3.51014E-09, 3.61411E-09, -1.03979E-10, 1.039E-14
1.05, 0, 0.3, -4.23388E-09, 4.3372E-09, -1.03449E-10, 1.27811E-13
1.1, 0, 0.3, -5.09264E-09, 5.18929E-09, -1.02853E-10, 6.20118E-12
0, 0, 0.35, 6.29427E-09, 1.54182E-10, -6.44846E-09, 7.96269E-17
0.05, 0, 0.35, 1.52361E-09, 1.5929E-10, -1.68291E-09, 8.09066E-15
0.1, 0, 0.35, 3.45297E-10, 1.68091E-10, -5.13398E-10, 9.67546E-15
0.15, 0, 0.35, 5.49766E-11, 1.81549E-10, -2.36536E-10, 9.98876E-15
0.2, 0, 0.35, -2.81639E-11, 2.00814E-10, -1.7266E-10, 1.00505E-14
0.25, 0, 0.35, -6.90495E-11, 2.27248E-10, -1.58208E-10, 1.00624E-14
0.3, 0, 0.35, -1.07518E-10, 2.62464E-10, -1.54956E-10, 1.00646E-14
0.35, 0, 0.35, -1.54192E-10, 3.08365E-10, -1.54182E-10, 1.00648E-14
0.4, 0, 0.35, -2.13208E-10, 3.67189E-10, -1.53992E-10, 1.00649E-14
0.45, 0, 0.35, -2.87639E-10, 4.41564E-10, -1.53935E-10, 1.00649E-14
0.5, 0, 0.35, -3.80678E-10, 5.34565E-10, -1.53897E-10, 1.00649E-14
0.55, 0, 0.35, -4.95937E-10, 6.49785E-10, -1.53858E-10, 1.00649E-14
0.6, 0, 0.35, -6.37611E-10, 7.91416E-10, -1.53815E-10, 1.00649E-14
0.65, 0, 0.35, -8.10577E-10, 9.64335E-10, -1.53768E-10, 1.00649E-14
0.7, 0, 0.35, -1.02051E-09, 1.17421E-09, -1.53715E-10, 1.00649E-14
0.75, 0, 0.35, -1.27397E-09, 1.42762E-09, -1.53655E-10, 1.00649E-14
0.8, 0, 0.35, -1.5786E-09, 1.73218E-09, -1.53589E-10, 1.00649E-14
0.85, 0, 0.35, -1.94321E-09, 2.09671E-09, -1.53514E-10, 1.00649E-14
0.9, 0, 0.35, -2.37797E-09, 2.53139E-09, -1.53431E-10, 1.00649E-14
0.95, 0, 0.35, -2.89465E-09, 3.04798E-09, -1.53337E-10, 1.00649E-14
1, 0, 0.35, -3.50679E-09, 3.66001E-09, -1.53231E-10, 1.03897E-14
1.05, 0, 0.35, -4.23012E-09, 4.3831E-09, -1.53113E-10, 1.27811E-13
1.1, 0, 0.35, -5.08841E-09, 5.23519E-09, -1.5298E-10, 6.20118E-12
0, 0, 0.4, 7.03237E-09, 2.13007E-10, -7.24538E-09, 8.33298E-17
0.05, 0, 0.4, 1.7086E-09, 2.18115E-10, -1.92672E-09, 8.09152E-15
0.1, 0, 0.4, 3.89958E-10, 2.26915E-10, -6.16883E-10, 9.67565E-15
0.15, 0, 0.4, 6.55321E-11, 2.40374E-10, -3.05916E-10, 9.9888E-15
0.2, 0, 0.4, -2.56746E-11, 2.59638E-10, -2.33974E-10, 1.00505E-14
0.25, 0, 0.4, -6.84293E-11, 2.86072E-10, -2.17653E-10, 1.00624E-14
0.3, 0, 0.4, -1.0729E-10, 3.21288E-10, -2.14009E-10, 1.00646E-14
0.35, 0, 0.4, -1.54002E-10, 3.67189E-10, -2.13198E-10, 1.00648E-14
0.4, 0, 0.4, -2.13017E-10, 4.26014E-10, -2.13007E-10, 1.00646E-14
0.45, 0, 0.4, -2.87438E-10, 5.00388E-10, -2.1296E-10, 1.00646E-14
0.5, 0, 0.4, -3.80453E-10, 5.93389E-10, -2.12946E-10, 1.00646E-14
0.55, 0, 0.4, -4.95683E-10, 7.0861E-10, -2.12937E-10, 1.00646E-14
0.6, 0, 0.4, -6.37323E-10, 8.5024E-10, -2.12927E-10, 1.00646E-14
0.65, 0, 0.4, -8.10253E-10, 1.02316E-09, -2.12917E-10, 1.00646E-14
0.7, 0, 0.4, -1.02014E-09, 1.23304E-09, -2.12905E-10, 1.00646E-14
0.75, 0, 0.4, -1.27356E-09, 1.48644E-09, -2.12892E-10, 1.00646E-14
0.8, 0, 0.4, -1.57814E-09, 1.79101E-09, -2.12877E-10, 1.00646E-14
0.85, 0, 0.4, -1.94268E-09, 2.15553E-09, -2.12861E-10, 1.00646E-14
0.9, 0, 0.4, -2.37738E-09, 2.59021E-09, -2.12843E-10, 1.00646E-14
0.95, 0, 0.4, -2.89399E-09, 3.1068E-09, -2.12822E-10, 1.00647E-14
1, 0, 0.4, -3.50605E-09, 3.71884E-09, -2.12799E-10, 1.03894E-14
1.05, 0, 0.4, -4.22928E-09, 4.44193E-09, -2.12773E-10, 1.2781E-13
1.1, 0, 0.4, -5.08747E-09, 5.29401E-09, -2.12743E-10, 6.20118E-12
0, 0, 0.45, 7.85108E-09, 2.87382E-10, -8.13846E-09, 8.77196E-17
0.05, 0, 0.45, 1.91423E-09, 2.92489E-10, -2.20673E-09, 8.09254E-15
0.1, 0, 0.45, 4.39583E-10, 3.0129E-10, -7.40883E-10, 9.67587E-15
0.15, 0, 0.45, 7.72078E-11, 3.14749E-10, -3.91966E-10, 9.98885E-15
0.2, 0, 0.45, -2.29655E-11, 3.34013E-10, -3.11058E-10, 1.00505E-14
0.25, 0, 0.45, -6.77995E-11, 3.60447E-10, -2.92658E-10, 1.00624E-14
0.3, 0, 0.45, -1.07135E-10, 3.95663E-10, -2.88538E-10, 1.00646E-14
0.35, 0, 0.45, -1.53945E-10, 4.41564E-10, -2.87629E-10, 1.00648E-14
0.4, 0, 0.45, -2.1297E-10, 5.00388E-10, -2.87428E-10, 1.00646E-14
0.45, 0, 0.45, -2.87392E-10, 5.74763E-10, -2.87382E-10, 1.00644E-14
0.5, 0, 0.45, -3.80404E-10, 6.67764E-10, -2.8737E-10, 1.00644E-14
0.55, 0, 0.45, -4.95627E-10, 7.82984E-10, -2.87367E-10, 1.00644E-14
0.6, 0, 0.45, -6.37261E-10, 9.24615E-10, -2.87365E-10, 1.00644E-14
0.65, 0, 0.45, -8.10182E-10, 1.09753E-09, -2.87362E-10, 1.00644E-14
0.7, 0, 0.45, -1.02006E-09, 1.30741E-09, -2.8736E-10, 1.00644E-14
0.75, 0, 0.45, -1.27347E-09, 1.56082E-09, -2.87357E-10, 1.00644E-14
0.8, 0, 0.45, -1.57804E-09, 1.86538E-09, -2.87354E-10, 1.00644E-14
0.85, 0, 0.45, -1.94257E-09, 2.22991E-09, -2.8735E-10, 1.00644E-14
0.9, 0, 0.45, -2.37725E-09, 2.66459E-09, -2.87346E-10, 1.00644E-14
0.95, 0, 0.45, -2.89384E-09, 3.18117E-09, -2.87341E-10, 1.00644E-14
1, 0, 0.45, -3.50589E-09, 3.79321E-09, -2.87336E-10, 1.03892E-14
1.05, 0, 0.45, -4.2291E-09, 4.5163E-09, -2.87331E-10, 1.2781E-13
1.1, 0, 0.45, -5.08726E-09, 5.36839E-09, -2.87324E-10, 6.20118E-12
0, 0, 0.5, 8.7596E-09, 3.80382E-10, -9.13999E-09, 9.29013E-17
0.05, 0, 0.5, 2.14307E-09, 3.8549E-10, -2.52857E-09, 8.09375E-15
0.1, 0, 0.5, 4.94867E-10, 3.94291E-10, -8.89167E-10, 9.67615E-15
0.15, 0, 0.5, 9.02013E-11, 4.07749E-10, -4.97961E-10, 9.98891E-15
0.2, 0, 0.5, -1.99654E-11, 4.27014E-10, -4.07058E-10, 1.00505E-14
0.25, 0, 0.5, -6.71132E-11, 4.53448E-10, -3.86344E-10, 1.00624E-14
0.3, 0, 0.5, -1.06977E-10, 4.88664E-10, -3.81697E-10, 1.00646E-14
0.35, 0, 0.5, -1.53907E-10, 5.34565E-10, -3.80668E-10, 1.00648E-14
0.4, 0, 0.5, -2.12956E-10, 5.93389E-10, -3.80443E-10, 1.00646E-14
0.45, 0, 0.5, -2.8738E-10, 6.67764E-10, -3.80394E-10, 1.00644E-14
0.5, 0, 0.5, -3.80392E-10, 7.60765E-10, -3.80382E-10, 1.00642E-14
0.55, 0, 0.5, -4.95616E-10, 8.75985E-10, -3.8038E-10, 1.00642E-14
0.6, 0, 0.5, -6.37247E-10, 1.01762E-09, -3.80379E-10, 1.00642E-14
0.65, 0, 0.5, -8.10167E-10, 1.19053E-09, -3.80378E-10, 1.00642E-14
0.7, 0, 0.5, -1.02004E-09, 1.40041E-09, -3.80378E-10, 1.00642E-14
0.75, 0, 0.5, -1.27345E-09, 1.65382E-09, -3.80377E-10, 1.00642E-14
0.8, 0, 0.5, -1.57801E-09, 1.95838E-09, -3.80376E-10, 1.00642E-14
0.85, 0, 0.5, -1.94254E-09, 2.32291E-09, -3.80376E-10, 1.00642E-14
0.9, 0, 0.5, -2.37723E-09, 2.75759E-09, -3.80375E-10, 1.00642E-14
0.95, 0, 0.5, -2.89381E-09, 3.27418E-09, -3.80374E-10, 1.00642E-14
1, 0, 0.5, -3.50585E-09, 3.88621E-09, -3.80373E-10, 1.03889E-14
1.05, 0, 0.5, -4.22906E-09, 4.6093E-09, -3.80371E-10, 1.2781E-13
1.1, 0, 0.5, -5.08722E-09, 5.46139E-09, -3.8037E-10, 6.20118E-12
0, 0, 0.55, 9.76788E-09, 4.95603E-10, -1.02635E-08, 9.89941E-17
0.05, 0, 0.55, 2.39787E-09, 5.0071E-10, -2.89858E-09, 8.09518E-15
0.1, 0, 0.55, 5.56527E-10, 5.09511E-10, -1.06605E-09, 9.67647E-15
0.15, 0, 0.55, 1.04699E-10, 5.2297E-10, -6.27678E-10, 9.98898E-15
0.2, 0, 0.55, -1.66227E-11, 5.42234E-10, -5.25622E-10, 1.00505E-14
0.25, 0, 0.55, -6.63525E-11, 5.68668E-10, -5.02326E-10, 1.00624E-14
0.3, 0, 0.55, -1.06805E-10, 6.03884E-10, -4.97089E-10, 1.00646E-14
0.35, 0, 0.55, -1.53868E-10, 6.49785E-10, -4.95928E-10, 1.00648E-14
0.4, 0, 0.55, -2.12947E-10, 7.0861E-10, -4.95673E-10, 1.00646E-14
0.45, 0, 0.55, -2.87377E-10, 7.82984E-10, -4.95618E-10, 1.00644E-14
0.5, 0, 0.55, -3.8039E-10, 8.75985E-10, -4.95606E-10, 1.00642E-14
0.55, 0, 0.55, -4.95613E-10, 9.91206E-10, -4.95603E-10, 1.0064E-14
0.6, 0, 0.55, -6.37244E-10, 1.13284E-09, -4.95602E-10, 1.0064E-14
0.65, 0, 0.55, -8.10163E-10, 1.30576E-09, -4.95602E-10, 1.0064E-14
0.7, 0, 0.55, -1.02004E-09, 1.51563E-09, -4.95602E-10, 1.0064E-14
0.75, 0, 0.55, -1.27345E-09, 1.76904E-09, -4.95602E-10, 1.0064E-14
0.8, 0, 0.55, -1.57801E-09, 2.0736E-09, -4.95602E-10, 1.0064E-14
0.85, 0, 0.55, -1.94254E-09, 2.43813E-09, -4.95601E-10, 1.0064E-14
0.9, 0, 0.55, -2.37722E-09, 2.87281E-09, -4.95601E-10, 1.0064E-14
0.95, 0, 0.55, -2.89381E-09, 3.3894E-09, -4.95601E-10, 1.0064E-14
1, 0, 0.55, -3.50584E-09, 4.00143E-09, -4.95601E-10, 1.03887E-14
1.05, 0, 0.55, -4.22905E-09, 4.72452E-09, -4.956E-10, 1.2781E-13
1.1, 0, 0.55, -5.08721E-09, 5.57661E-09, -4.956E-10, 6.20118E-12
0, 0, 0.6, 1.08867E-08, 6.37234E-10, -1.1524E-08, 1.06133E-16
0.05, 0, 0.6, 2.68161E-09, 6.42341E-10, -3.32396E-09, 8.09688E-15
0.1, 0, 0.6, 6.25336E-10, 6.51142E-10, -1.27649E-09, 9.67686E-15
0.15, 0, 0.6, 1.20893E-10, 6.64601E-10, -7.85504E-10, 9.98906E-15
0.2, 0, 0.6, -1.28888E-11, 6.83865E-10, -6.70986E-10, 1.00505E-14
0.25, 0, 0.6, -6.55042E-11, 7.10299E-10, -6.44805E-10, 1.00625E-14
0.3, 0, 0.6, -1.06614E-10, 7.45515E-10, -6.38911E-10, 1.00646E-14
0.35, 0, 0.6, -1.53825E-10, 7.91416E-10, -6.37601E-10, 1.00648E-14
0.4, 0, 0.6, -2.12937E-10, 8.5024E-10, -6.37313E-10, 1.00646E-14
0.45, 0, 0.6, -2.87375E-10, 9.24615E-10, -6.37251E-10, 1.00644E-14
0.5, 0, 0.6, -3.80389E-10, 1.01762E-09, -6.37237E-10, 1.00642E-14
0.55, 0, 0.6, -4.95612E-10, 1.13284E-09, -6.37234E-10, 1.0064E-14
0.6, 0, 0.6, -6.37244E-10, 1.27447E-09, -6.37234E-10, 1.00638E-14
0.65, 0, 0.6, -8.10163E-10, 1.44739E-09, -6.37233E-10, 1.00638E-14
0.7, 0, 0.6, -1.02004E-09, 1.65726E-09, -6.37233E-10, 1.00638E-14
0.75, 0, 0.6, -1.27345E-09, 1.91067E-09, -6.37233E-10, 1.00638E-14
0.8, 0, 0.6, -1.57801E-09, 2.21523E-09, -6.37233E-10, 1.00638E-14
0.85, 0, 0.6, -1.94254E-09, 2.57976E-09, -6.37233E-10, 1.00638E-14
0.9, 0, 0.6, -2.37722E-09, 3.01444E-09, -6.37233E-10, 1.00638E-14
0.95, 0, 0.6, -2.8938E-09, 3.53103E-09, -6.37233E-10, 1.00638E-14
1, 0, 0.6, -3.50584E-09, 4.14307E-09, -6.37233E-10, 1.03885E-14
1.05, 0, 0.6, -4.22905E-09, 4.86616E-09, -6.37233E-10, 1.27809E-13
1.1, 0, 0.6, -5.08721E-09, 5.71824E-09, -6.37233E-10, 6.20118E-12
0, 0, 0.65, 1.21281E-08, 8.10153E-10, -1.29382E-08, 1.14472E-16
0.05, 0, 0.65, 2.99759E-09, 8.1526E-10, -3.81285E-09, 8.09887E-15
0.1, 0, 0.65, 7.02143E-10, 8.24061E-10, -1.52621E-09, 9.67731E-15
0.15, 0, 0.65, 1.38995E-10, 8.3752E-10, -9.76524E-10, 9.98916E-15
0.2, 0, 0.65, -8.71296E-12, 8.56784E-10, -8.48081E-10, 1.00506E-14
0.25, 0, 0.65, -6.45556E-11, 8.83218E-10, -8.18672E-10, 1.00625E-14
0.3, 0, 0.65, -1.06401E-10, 9.18434E-10, -8.12043E-10, 1.00646E-14
0.35, 0, 0.65, -1.53778E-10, 9.64335E-10, -8.10568E-10, 1.00648E-14
0.4, 0, 0.65, -2.12927E-10, 1.02316E-09, -8.10243E-10, 1.00646E-14
0.45, 0, 0.65, -2.87372E-10, 1.09753E-09, -8.10172E-10, 1.00644E-14
0.5, 0, 0.65, -3.80388E-10, 1.19053E-09, -8.10157E-10, 1.00642E-14
0.55, 0, 0.65, -4.95612E-10, 1.30576E-09, -8.10154E-10, 1.0064E-14
0.6, 0, 0.65, -6.37243E-10, 1.44739E-09, -8.10153E-10, 1.00638E-14
0.65, 0, 0.65, -8.10163E-10, 1.62031E-09, -8.10153E-10, 1.00636E-14
0.7, 0, 0.65, -1.02004E-09, 1.83018E-09, -8.10153E-10, 1.00636E-14
0.75, 0, 0.65, -1.27345E-09, 2.08359E-09, -8.10153E-10, 1.00636E-14
0.8, 0, 0.65, -1.57801E-09, 2.38815E-09, -8.10153E-10, 1.00636E-14
0.85, 0, 0.65, -1.94254E-09, 2.75268E-09, -8.10153E-10, 1.00636E-14
0.9, 0, 0.65, -2.37722E-09, 3.18736E-09, -8.10153E-10, 1.00636E-14
0.95, 0, 0.65, -2.8938E-09, 3.70395E-09, -8.10153E-10, 1.00636E-14
1, 0, 0.65, -3.50584E-09, 4.31598E-09, -8.10153E-10, 1.03884E-14
1.05, 0, 0.65, -4.22905E-09, 5.03907E-09, -8.10153E-10, 1.27809E-13
1.1, 0, 0.65, -5.08721E-09, 5.89116E-09, -8.10153E-10, 6.20118E-12
0, 0, 0.7, 1.35048E-08, 1.02003E-09, -1.45248E-08, 1.24184E-16
0.05, 0, 0.7, 3.34942E-09, 1.02514E-09, -4.37457E-09, 8.10121E-15
0.1, 0, 0.7, 7.87881E-10, 1.03394E-09, -1.82183E-09, 9.67785E-15
0.15, 0, 0.7, 1.59233E-10, 1.0474E-09, -1.20664E-09, 9.98928E-15
0.2, 0, 0.7, -4.03991E-12, 1.06666E-09, -1.06263E-09, 1.00506E-14
0.25, 0, 0.7, -6.34939E-11, 1.09309E-09, -1.02961E-09, 1.00625E-14
0.3, 0, 0.7, -1.06163E-10, 1.12831E-09, -1.02216E-09, 1.00646E-14
0.35, 0, 0.7, -1.53725E-10, 1.17421E-09, -1.0205E-09, 1.00648E-14
0.4, 0, 0.7, -2.12915E-10, 1.23304E-09, -1.02013E-09, 1.00646E-14
0.45, 0, 0.7, -2.8737E-10, 1.30741E-09, -1.02005E-09, 1.00644E-14
0.5, 0, 0.7, -3.80388E-10, 1.40041E-09, -1.02003E-09, 1.00642E-14
0.55, 0, 0.7, -4.95612E-10, 1.51563E-09, -1.02003E-09, 1.0064E-14
0.6, 0, 0.7, -6.37243E-10, 1.65726E-09, -1.02003E-09, 1.00638E-14
0.65, 0, 0.7, -8.10163E-10, 1.83018E-09, -1.02003E-09, 1.00636E-14
0.7, 0, 0.7, -1.02004E-09, 2.04006E-09, -1.02003E-09, 1.00634E-14
0.75, 0, 0.7, -1.27345E-09, 2.29347E-09, -1.02003E-09, 1.00634E-14
0.8, 0, 0.7, -1.57801E-09, 2.59803E-09, -1.02003E-09, 1.00634E-14
0.85, 0, 0.7, -1.94254E-09, 2.96256E-09, -1.02003E-09, 1.00634E-14
0.9, 0, 0.7, -2.37722E-09, 3.39724E-09, -1.02003E-09, 1.00634E-14
0.95, 0, 0.7, -2.8938E-09, 3.91382E-09, -1.02003E-09, 1.00634E-14
1, 0, 0.7, -3.50584E-09, 4.52586E-09, -1.02003E-09, 1.03882E-14
1.05, 0, 0.7, -4.22905E-09, 5.24895E-09, -1.02003E-09, 1.27809E-13
1.1, 0, 0.7, -5.08721E-09, 6.10103E-09, -1.02003E-09, 6.20118E-12
0, 0, 0.75, 1.50313E-08, 1.27344E-09, -1.63047E-08, 1.35466E-16
0.05, 0, 0.75, 3.74111E-09, 1.27855E-09, -5.01966E-09, 8.10394E-15
0.1, 0, 0.75, 8.83585E-10, 1.28735E-09, -2.17094E-09, 9.67848E-15
0.15, 0, 0.75, 1.81862E-10, 1.3008E-09, -1.48268E-09, 9.98943E-15
0.2, 0, 0.75, 1.19102E-12, 1.32007E-09, -1.32127E-09, 1.00506E-14
0.25, 0, 0.75, -6.23045E-11, 1.3465E-09, -1.28421E-09, 1.00625E-14
0.3, 0, 0.75, -1.05896E-10, 1.38172E-09, -1.27583E-09, 1.00646E-14
0.35, 0, 0.75, -1.53665E-10, 1.42762E-09, -1.27396E-09, 1.00648E-14
0.4, 0, 0.75, -2.12902E-10, 1.48644E-09, -1.27355E-09, 1.00646E-14
0.45, 0, 0.75, -2.87367E-10, 1.56082E-09, -1.27346E-09, 1.00644E-14
0.5, 0, 0.75, -3.80387E-10, 1.65382E-09, -1.27344E-09, 1.00642E-14
0.55, 0, 0.75, -4.95612E-10, 1.76904E-09, -1.27344E-09, 1.0064E-14
0.6, 0, 0.75, -6.37243E-10, 1.91067E-09, -1.27344E-09, 1.00638E-14
0.65, 0, 0.75, -8.10163E-10, 2.08359E-09, -1.27344E-09, 1.00636E-14
0.7, 0, 0.75, -1.02004E-09, 2.29347E-09, -1.27344E-09, 1.00634E-14
0.75, 0, 0.75, -1.27345E-09, 2.54687E-09, -1.27344E-09, 1.00633E-14
0.8, 0, 0.75, -1.57801E-09, 2.85144E-09, -1.27344E-09, 1.00633E-14
0.85, 0, 0.75, -1.94254E-09, 3.21596E-09, -1.27344E-09, 1.00633E-14
0.9, 0, 0.75, -2.37722E-09, 3.65065E-09, -1.27344E-09, 1.00633E-14
0.95, 0, 0.75, -2.8938E-09, 4.16723E-09, -1.27344E-09, 1.00633E-14
1, 0, 0.75, -3.50584E-09, 4.77927E-09, -1.27344E-09, 1.0388E-14
1.05, 0, 0.75, -4.22905E-09, 5.50236E-09, -1.27344E-09, 1.27809E-13
1.1, 0, 0.75, -5.08721E-09, 6.35444E-09, -1.27344E-09, 6.20118E-12
0, 0, 0.8, 1.6723E-08, 1.578E-09, -1.8301E-08, 1.48537E-16
0.05, 0, 0.8, 4.17706E-09, 1.58311E-09, -5.76017E-09, 8.10713E-15
0.1, 0, 0.8, 9.90401E-10, 1.59191E-09, -2.58232E-09, 9.67922E-15
0.15, 0, 0.8, 2.07165E-10, 1.60537E-09, -1.81254E-09, 9.98959E-15
0.2, 0, 0.8, 7.04715E-12, 1.62463E-09, -1.63169E-09, 1.00507E-14
0.25, 0, 0.8, -6.0972E-11, 1.65106E-09, -1.5901E-09, 1.00625E-14
0.3, 0, 0.8, -1.05597E-10, 1.68628E-09, -1.58069E-09, 1.00646E-14
0.35, 0, 0.8, -1.53599E-10, 1.73218E-09, -1.57859E-09, 1.00648E-14
0.4, 0, 0.8, -2.12887E-10, 1.79101E-09, -1.57813E-09, 1.00646E-14
0.45, 0, 0.8, -2.87364E-10, 1.86538E-09, -1.57803E-09, 1.00644E-14
0.5, 0, 0.8, -3.80386E-10, 1.95838E-09, -1.578E-09, 1.00642E-14
0.55, 0, 0.8, -4.95611E-10, 2.0736E-09, -1.578E-09, 1.0064E-14
0.6, 0, 0.8, -6.37243E-10, 2.21523E-09, -1.578E-09, 1.00638E-14
0.65, 0, 0.8, -8.10163E-10, 2.38815E-09, -1.578E-09, 1.00636E-14
0.7, 0, 0.8, -1.02004E-09, 2.59803E-09, -1.578E-09, 1.00634E-14
0.75, 0, 0.8, -1.27345E-09, 2.85144E-09, -1.578E-09, 1.00633E-14
0.8, 0, 0.8, -1.57801E-09, 3.156E-09, -1.578E-09, 1.00631E-14
0.85, 0, 0.8, -1.94254E-09, 3.52053E-09, -1.578E-09, 1.00631E-14
0.9, 0, 0.8, -2.37722E-09, 3.95521E-09, -1.578E-09, 1.00631E-14
0.95, 0, 0.8, -2.8938E-09, 4.47179E-09, -1.578E-09, 1.00631E-14
1, 0, 0.8, -3.50584E-09, 5.08383E-09, -1.578E-09, 1.03879E-14
1.05, 0, 0.8, -4.22905E-09, 5.80692E-09, -1.578E-09, 1.27809E-13
1.1, 0, 0.8, -5.08721E-09, 6.65901E-09, -1.578E-09, 6.20118E-12
0, 0, 0.85, 1.85971E-08, 1.94253E-09, -2.05397E-08, 1.63647E-16
0.05, 0, 0.85, 4.66214E-09, 1.94764E-09, -6.60978E-09, 8.11084E-15
0.1, 0, 0.85, 1.1096E-09, 1.95644E-09, -3.06605E-09, 9.68008E-15
0.15, 0, 0.85, 2.35455E-10, 1.96989E-09, -2.20536E-09, 9.98979E-15
0.2, 0, 0.85, 1.36033E-11, 1.98916E-09, -2.00277E-09, 1.00507E-14
0.25, 0, 0.85, -5.94787E-11, 2.01559E-09, -1.95612E-09, 1.00625E-14
0.3, 0, 0.85, -1.05261E-10, 2.05081E-09, -1.94556E-09, 1.00646E-14
0.35, 0, 0.85, -1.53524E-10, 2.09671E-09, -1.9432E-09, 1.00648E-14
0.4, 0, 0.85, -2.12871E-10, 2.15553E-09, -1.94267E-09, 1.00646E-14
0.45, 0, 0.85, -2.8736E-10, 2.22991E-09, -1.94256E-09, 1.00644E-14
0.5, 0, 0.85, -3.80386E-10, 2.32291E-09, -1.94253E-09, 1.00642E-14
0.55, 0, 0.85, -4.95611E-10, 2.43813E-09, -1.94253E-09, 1.0064E-14
0.6, 0, 0.85, -6.37243E-10, 2.57976E-09, -1.94253E-09, 1.00638E-14
0.65, 0, 0.85, -8.10163E-10, 2.75268E-09, -1.94253E-09, 1.00636E-14
0.7, 0, 0.85, -1.02004E-09, 2.96256E-09, -1.94253E-09, 1.00634E-14
0.75, 0, 0.85, -1.27345E-09, 3.21596E-09, -1.94253E-09, 1.00633E-14
0.8, 0, 0.85, -1.57801E-09, 3.52053E-09, -1.94253E-09, 1.00631E-14
0.85, 0, 0.85, -1.94254E-09, 3.88505E-09, -1.94253E-09, 1.0063E-14
0.9, 0, 0.85, -2.37722E-09, 4.31974E-09, -1.94253E-09, 1.0063E-14
0.95, 0, 0.85, -2.8938E-09, 4.83632E-09, -1.94253E-09, 1.0063E-14
1, 0, 0.85, -3.50584E-09, 5.44836E-09, -1.94253E-09, 1.03877E-14
1.05, 0, 0.85, -4.22905E-09, 6.17145E-09, -1.94253E-09, 1.27809E-13
1.1, 0, 0.85, -5.08721E-09, 7.02353E-09, -1.94253E-09, 6.20118E-12
0, 0, 0.9, 2.06724E-08, 2.37721E-09, -2.30496E-08, 1.81076E-16
0.05, 0, 0.9, 5.20172E-09, 2.38232E-09, -7.58405E-09, 8.11514E-15
0.1, 0, 0.9, 1.24259E-09, 2.39112E-09, -3.63372E-09, 9.68109E-15
0.15, 0, 0.9, 2.67082E-10, 2.40457E-09, -2.67167E-09, 9.99002E-15
0.2, 0, 0.9, 2.09429E-11, 2.42384E-09, -2.44479E-09, 1.00508E-14
0.25, 0, 0.9, -5.78053E-11, 2.45027E-09, -2.39248E-09, 1.00625E-14
0.3, 0, 0.9, -1.04885E-10, 2.48549E-09, -2.38061E-09, 1.00646E-14
0.35, 0, 0.9, -1.53441E-10, 2.53139E-09, -2.37796E-09, 1.00648E-14
0.4, 0, 0.9, -2.12852E-10, 2.59021E-09, -2.37737E-09, 1.00646E-14
0.45, 0, 0.9, -2.87356E-10, 2.66459E-09, -2.37724E-09, 1.00644E-14
0.5, 0, 0.9, -3.80385E-10, 2.75759E-09, -2.37722E-09, 1.00642E-14
0.55, 0, 0.9, -4.95611E-10, 2.87281E-09, -2.37721E-09, 1.0064E-14
0.6, 0, 0.9, -6.37243E-10, 3.01444E-09, -2.37721E-09, 1.00638E-14
0.65, 0, 0.9, -8.10163E-10, 3.18736E-09, -2.37721E-09, 1.00636E-14
0.7, 0, 0.9, -1.02004E-09, 3.39724E-09, -2.37721E-09, 1.00634E-14
0.75, 0, 0.9, -1.27345E-09, 3.65065E-09, -2.37721E-09, 1.00633E-14
0.8, 0, 0.9, -1.57801E-09, 3.95521E-09, -2.37721E-09, 1.00631E-14
0.85, 0, 0.9, -1.94254E-09, 4.31974E-09, -2.37721E-09, 1.0063E-14
0.9, 0, 0.9, -2.37722E-09, 4.75442E-09, -2.37721E-09, 1.00628E-14
0.95, 0, 0.9, -2.8938E-09, 5.271E-09, -2.37721E-09, 1.00628E-14
1, 0, 0.9, -3.50584E-09, 5.88304E-09, -2.37721E-09, 1.03876E-14
1.05, 0, 0.9, -4.22905E-09, 6.60613E-09, -2.37721E-09, 1.27808E-13
1.1, 0, 0.9, -5.08721E-09, 7.45821E-09, -2.37721E-09, 6.20118E-12
0, 0, 0.95, 2.29694E-08, 2.89379E-09, -2.58632E-08, 3.25894E-16
0.05, 0, 0.95, 5.80174E-09, 2.8989E-09, -8.70065E-09, 8.12015E-15
0.1, 0, 0.95, 1.39094E-09, 2.9077E-09, -4.29865E-09, 9.68229E-15
0.15, 0, 0.95, 3.02434E-10, 2.92116E-09, -3.2236E-09, 9.9903E-15
0.2, 0, 0.95, 2.91588E-11, 2.94042E-09, -2.96959E-09, 1.00508E-14
0.25, 0, 0.95, -5.59301E-11, 2.96686E-09, -2.91094E-09, 1.00625E-14
0.3, 0, 0.95, -1.04463E-10, 3.00207E-09, -2.89762E-09, 1.00646E-14
0.35, 0, 0.95, -1.53347E-10, 3.04798E-09, -2.89464E-09, 1.00648E-14
0.4, 0, 0.95, -2.12832E-10, 3.1068E-09, -2.89398E-09, 1.00646E-14
0.45, 0, 0.95, -2.87351E-10, 3.18117E-09, -2.89383E-09, 1.00644E-14
0.5, 0, 0.95, -3.80384E-10, 3.27418E-09, -2.8938E-09, 1.00642E-14
0.55, 0, 0.95, -4.95611E-10, 3.3894E-09, -2.8938E-09, 1.0064E-14
0.6, 0, 0.95, -6.37243E-10, 3.53103E-09, -2.89379E-09, 1.00638E-14
0.65, 0, 0.95, -8.10163E-10, 3.70395E-09, -2.89379E-09, 1.00636E-14
0.7, 0, 0.95, -1.02004E-09, 3.91382E-09, -2.89379E-09, 1.00634E-14
0.75, 0, 0.95, -1.27345E-09, 4.16723E-09, -2.89379E-09, 1.00633E-14
0.8, 0, 0.95, -1.57801E-09, 4.47179E-09, -2.89379E-09, 1.00631E-14
0.85, 0, 0.95, -1.94254E-09, 4.83632E-09, -2.89379E-09, 1.0063E-14
0.9, 0, 0.95, -2.37722E-09, 5.271E-09, -2.89379E-09, 1.00628E-14
0.95, 0, 0.95, -2.8938E-09, 5.78759E-09, -2.89379E-09, 1.00627E-14
1, 0, 0.95, -3.50584E-09, 6.39962E-09, -2.89379E-09, 1.03875E-14
1.05, 0, 0.95, -4.22905E-09, 7.12271E-09, -2.89379E-09, 1.27808E-13
1.1, 0, 0.95, -5.08721E-09, 7.9748E-09, -2.89379E-09, 6.20118E-12
0, 0, 1, 2.55104E-08, 3.50583E-09, -2.90163E-08, 2.14536E-15
0.05, 0, 1, 6.46873E-09, 3.51094E-09, -9.97968E-09, 8.48655E-15
0.1, 0, 1, 1.55638E-09, 3.51974E-09, -5.07613E-09, 1.00084E-14
0.15, 0, 1, 3.41943E-10, 3.5332E-09, -3.87515E-09, 1.03154E-14
0.2, 0, 1, 3.83546E-11, 3.55246E-09, -3.59083E-09, 1.03757E-14
0.25, 0, 1, -5.38289E-11, 3.5789E-09, -3.52508E-09, 1.03873E-14
0.3, 0, 1, -1.03989E-10, 3.61411E-09, -3.51013E-09, 1.03894E-14
0.35, 0, 1, -1.53241E-10, 3.66001E-09, -3.50678E-09, 1.03896E-14
0.4, 0, 1, -2.12809E-10, 3.71884E-09, -3.50604E-09, 1.03894E-14
0.45, 0, 1, -2.87346E-10, 3.79321E-09, -3.50588E-09, 1.03892E-14
0.5, 0, 1, -3.80383E-10, 3.88621E-09, -3.50584E-09, 1.03889E-14
0.55, 0, 1, -4.95611E-10, 4.00143E-09, -3.50583E-09, 1.03887E-14
0.6, 0, 1, -6.37243E-10, 4.14307E-09, -3.50583E-09, 1.03885E-14
0.65, 0, 1, -8.10163E-10, 4.31598E-09, -3.50583E-09, 1.03884E-14
0.7, 0, 1, -1.02004E-09, 4.52586E-09, -3.50583E-09, 1.03882E-14
0.75, 0, 1, -1.27345E-09, 4.77927E-09, -3.50583E-09, 1.0388E-14
0.8, 0, 1, -1.57801E-09, 5.08383E-09, -3.50583E-09, 1.03879E-14
0.85, 0, 1, -1.94254E-09, 5.44836E-09, -3.50583E-09, 1.03877E-14
0.9, 0, 1, -2.37722E-09, 5.88304E-09, -3.50583E-09, 1.03876E-14
0.95, 0, 1, -2.8938E-09, 6.39962E-09, -3.50583E-09, 1.03875E-14
1, 0, 1, -3.50584E-09, 7.01166E-09, -3.50583E-09, 1.07121E-14
1.05, 0, 1, -4.22905E-09, 7.73475E-09, -3.50583E-09, 1.28133E-13
1.1, 0, 1, -5.08721E-09, 8.58684E-09, -3.50583E-09, 6.2015E-12
0, 0, 1.05, 2.83202E-08, 4.22892E-09, -3.25492E-08, 1.2785E-13
0.05, 0, 1.05, 7.20991E-09, 4.23403E-09, -1.14441E-08, 1.26374E-13
0.1, 0, 1.05, 1.74083E-09, 4.24283E-09, -5.98378E-09, 1.27449E-13
0.15, 0, 1.05, 3.8609E-10, 4.25629E-09, -4.64251E-09, 1.27737E-13
0.2, 0, 1.05, 4.86458E-11, 4.27555E-09, -4.32433E-09, 1.27797E-13
0.25, 0, 1.05, -5.14747E-11, 4.30199E-09, -4.25064E-09, 1.27808E-13
0.3, 0, 1.05, -1.03459E-10, 4.3372E-09, -4.23387E-09, 1.2781E-13
0.35, 0, 1.05, -1.53123E-10, 4.3831E-09, -4.23011E-09, 1.2781E-13
0.4, 0, 1.05, -2.12782E-10, 4.44193E-09, -4.22927E-09, 1.2781E-13
0.45, 0, 1.05, -2.87341E-10, 4.5163E-09, -4.22909E-09, 1.2781E-13
0.5, 0, 1.05, -3.80381E-10, 4.6093E-09, -4.22905E-09, 1.2781E-13
0.55, 0, 1.05, -4.9561E-10, 4.72452E-09, -4.22904E-09, 1.2781E-13
0.6, 0, 1.05, -6.37243E-10, 4.86616E-09, -4.22904E-09, 1.27809E-13
0.65, 0, 1.05, -8.10163E-10, 5.03907E-09, -4.22904E-09, 1.27809E-13
0.7, 0, 1.05, -1.02004E-09, 5.24895E-09, -4.22904E-09, 1.27809E-13
0.75, 0, 1.05, -1.27345E-09, 5.50236E-09, -4.22904E-09, 1.27809E-13
0.8, 0, 1.05, -1.57801E-09, 5.80692E-09, -4.22904E-09, 1.27809E-13
0.85, 0, 1.05, -1.94254E-09, 6.17145E-09, -4.22904E-09, 1.27809E-13
0.9, 0, 1.05, -2.37722E-09, 6.60613E-09, -4.22904E-09, 1.27808E-13
0.95, 0, 1.05, -2.8938E-09, 7.12271E-09, -4.22904E-09, 1.27808E-13
1, 0, 1.05, -3.50584E-09, 7.73475E-09, -4.22904E-09, 1.28133E-13
1.05, 0, 1.05, -4.22905E-09, 8.45784E-09, -4.22904E-09, 2.45554E-13
1.1, 0, 1.05, -5.08721E-09, 9.30993E-09, -4.22904E-09, 6.31892E-12
0, 0, 1.1, 3.14255E-08, 5.08101E-09, -3.65127E-08, 6.24309E-12
0.05, 0, 1.1, 8.03323E-09, 5.08611E-09, -1.31256E-08, 6.20355E-12
0.1, 0, 1.1, 1.94642E-09, 5.09492E-09, -7.04754E-09, 6.20125E-12
0.15, 0, 1.1, 4.3541E-10, 5.10837E-09, -5.54998E-09, 6.20111E-12
0.2, 0, 1.1, 6.01611E-11, 5.12764E-09, -5.194E-09, 6.20117E-12
0.25, 0, 1.1, -4.88374E-11, 5.15407E-09, -5.11144E-09, 6.20118E-12
0.3, 0, 1.1, -1.02863E-10, 5.18929E-09, -5.09263E-09, 6.20118E-12
0.35, 0, 1.1, -1.5299E-10, 5.23519E-09, -5.0884E-09, 6.20118E-12
0.4, 0, 1.1, -2.12753E-10, 5.29401E-09, -5.08746E-09, 6.20118E-12
0.45, 0, 1.1, -2.87334E-10, 5.36839E-09, -5.08725E-09, 6.20118E-12
0.5, 0, 1.1, -3.8038E-10, 5.46139E-09, -5.08721E-09, 6.20118E-12
0.55, 0, 1.1, -4.9561E-10, 5.57661E-09, -5.0872E-09, 6.20118E-12
0.6, 0, 1.1, -6.37243E-10, 5.71824E-09, -5.0872E-09, 6.20118E-12
0.65, 0, 1.1, -8.10163E-10, 5.89116E-09, -5.0872E-09, 6.20118E-12
0.7, 0, 1.1, -1.02004E-09, 6.10103E-09, -5.0872E-09, 6.20118E-12
0.75, 0, 1.1, -1.27345E-09, 6.35444E-09, -5.0872E-09, 6.20118E-12
0.8, 0, 1.1, -1.57801E-09, 6.65901E-09, -5.0872E-09, 6.20118E-12
0.85, 0, 1.1, -1.94254E-09, 7.02353E-09, -5.0872E-09, 6.20118E-12
0.9, 0, 1.1, -2.37722E-09, 7.45821E-09, -5.0872E-09, 6.20118E-12
0.95, 0, 1.1, -2.8938E-09, 7.9748E-09, -5.0872E-09, 6.20118E-12
1, 0, 1.1, -3.50584E-09, 8.58684E-09, -5.0872E-09, 6.2015E-12
1.05, 0, 1.1, -4.22905E-09, 9.30993E-09, -5.0872E-09, 6.31892E-12
1.1, 0, 1.1, -5.08721E-09, 1.0162E-08, -5.0872E-09, 1.23923E-11
0, 1.1, 0, 8.45597E-09, -1.79171E-08, 8.45597E-09, 1.00512E-09
0.05, 1.1, 0, -9.624E-06, -1.74125E-08, 9.64035E-06, 1.05733E-09
0.1, 1.1, 0, -1.85593E-05, -1.69405E-08, 1.85751E-05, 1.11205E-09
0.15, 1.1, 0, -2.68153E-05, -1.65356E-08, 2.68307E-05, 1.16939E-09
0.2, 1.1, 0, -3.44082E-05, -1.61857E-08, 3.44231E-05, 1.22947E-09
0.25, 1.1, 0, -4.13511E-05, -1.58841E-08, 4.13657E-05, 1.29239E-09
0.3, 1.1, 0, -4.76533E-05, -1.56262E-08, 4.76676E-05, 1.35828E-09
0.35, 1.1, 0, -5.33171E-05, -1.5409E-08, 5.33311E-05, 1.42724E-09
0.4, 1.1, 0, -5.83339E-05, -1.52317E-08, 5.83476E-05, 1.49941E-09
0.45, 1.1, 0, -6.26783E-05, -1.50964E-08, 6.26918E-05, 1.57491E-09
0.5, 1.1, 0, -6.63096E-05, -1.50086E-08, 6.6323E-05, 1.65387E-09
0.55, 1.1, 0, -6.92043E-05, -1.49746E-08, 6.92175E-05, 1.73643E-09
0.6, 1.1, 0, -7.14248E-05, -1.49952E-08, 7.1438E-05, 1.82271E-09
0.65, 1.1, 0, -7.31327E-05, -1.50619E-08, 7.31458E-05, 1.91286E-09
0.7, 1.1, 0, -7.45049E-05, -1.51629E-08, 7.45181E-05, 2.00703E-09
0.75, 1.1, 0, -7.567E-05, -1.52886E-08, 7.56831E-05, 2.10534E-09
0.8, 1.1, 0, -7.67062E-05, -1.54326E-08, 7.67194E-05, 2.20796E-09
0.85, 1.1, 0, -7.76595E-05, -1.5591E-08, 7.76728E-05, 2.31503E-09
0.9, 1.1, 0, -7.8557E-05, -1.57615E-08, 7.85704E-05, 2.4267E-09
0.95, 1.1, 0, -7.94156E-05, -1.59433E-08, 7.9429E-05, 2.54314E-09
1, 1.1, 0, -8.02459E-05, -1.6136E-08, 8.02594E-05, 2.66451E-09
1.05, 1.1, 0, -8.10553E-05, -1.6334E-08, 8.10688E-05, 2.79096E-09
1.1, 1.1, 0, -8.18486E-05, -1.65365E-08, 8.18622E-05, 2.92267E-09
0, 1.1, 0.05, 9.64035E-06, -1.74125E-08, -9.624E-06, 1.05732E-09
0.05, 1.1, 0.05, 6.8706E-09, -1.42583E-08, 6.87061E-09, 5.17043E-10
0.1, 1.1, 0.05, -9.4833E-06, -1.38244E-08, 9.49658E-06, 5.44913E-10
0.15, 1.1, 0.05, -1.8236E-05, -1.34192E-08, 1.82488E-05, 5.74212E-10
0.2, 1.1, 0.05, -2.62714E-05, -1.30701E-08, 2.62839E-05, 6.05011E-10
0.25, 1.1, 0.05, -3.36073E-05, -1.2767E-08, 3.36194E-05, 6.37378E-10
0.3, 1.1, 0.05, -4.02577E-05, -1.25045E-08, 4.02695E-05, 6.71388E-10
0.35, 1.1, 0.05, -4.62308E-05, -1.22787E-08, 4.62424E-05, 7.07115E-10
0.4, 1.1, 0.05, -5.15256E-05, -1.20878E-08, 5.15369E-05, 7.44639E-10
0.45, 1.1, 0.05, -5.61259E-05, -1.19321E-08, 5.61371E-05, 7.84041E-10
0.5, 1.1, 0.05, -5.99973E-05, -1.18151E-08, 6.00082E-05, 8.25407E-10
0.55, 1.1, 0.05, -6.31061E-05, -1.17423E-08, 6.3117E-05, 8.68825E-10
0.6, 1.1, 0.05, -6.54868E-05, -1.17164E-08, 6.54976E-05, 9.14385E-10
0.65, 1.1, 0.05, -6.72885E-05, -1.17324E-08, 6.72993E-05, 9.62182E-10
0.7, 1.1, 0.05, -6.87046E-05, -1.17797E-08, 6.87154E-05, 1.01231E-09
0.75, 1.1, 0.05, -6.98853E-05, -1.18491E-08, 6.98961E-05, 1.06487E-09
0.8, 1.1, 0.05, -7.0923E-05, -1.19344E-08, 7.09339E-05, 1.11997E-09
0.85, 1.1, 0.05, -7.18708E-05, -1.20319E-08, 7.18816E-05, 1.1777E-09
0.9, 1.1, 0.05, -7.27593E-05, -1.2139E-08, 7.27702E-05, 1.23818E-09
0.95, 1.1, 0.05, -7.36071E-05, -1.22552E-08, 7.3618E-05, 1.30153E-09
1, 1.1, 0.05, -7.44259E-05, -1.23799E-08, 7.4437E-05, 1.36785E-09
1.05, 1.1, 0.05, -7.52235E-05, -1.25078E-08, 7.52346E-05, 1.43728E-09
1.1, 1.1, 0.05, -7.6005E-05, -1.26379E-08, 7.60161E-05, 1.50992E-09
0, 1.1, 0.1, 1.85751E-05, -1.69405E-08, -1.85593E-05, 1.11204E-09
0.05, 1.1, 0.1, 9.49658E-06, -1.38244E-08, -9.4833E-06, 5.44911E-10
0.1, 1.1, 0.1, 5.54465E-09, -1.13505E-08, 5.54466E-09, 2.61174E-10
0.15, 1.1, 0.1, -9.31646E-06, -1.09838E-08, 9.32717E-06, 2.75607E-10
0.2, 1.1, 0.1, -1.78571E-05, -1.06423E-08, 1.78675E-05, 2.90813E-10
0.25, 1.1, 0.1, -2.56393E-05, -1.03478E-08, 2.56493E-05, 3.06831E-10
0.3, 1.1, 0.1, -3.26824E-05, -1.0092E-08, 3.26921E-05, 3.23703E-10
0.35, 1.1, 0.1, -3.90009E-05, -9.87036E-09, 3.90105E-05, 3.41471E-10
0.4, 1.1, 0.1, -4.46016E-05, -9.67998E-09, 4.46109E-05, 3.60181E-10
0.45, 1.1, 0.1, -4.94777E-05, -9.51999E-09, 4.94869E-05, 3.79879E-10
0.5, 1.1, 0.1, -5.36042E-05, -9.39197E-09, 5.36132E-05, 4.00616E-10
0.55, 1.1, 0.1, -5.69452E-05, -9.30009E-09, 5.69541E-05, 4.22443E-10
0.6, 1.1, 0.1, -5.95092E-05, -9.24814E-09, 5.9518E-05, 4.45415E-10
0.65, 1.1, 0.1, -6.14232E-05, -9.23373E-09, 6.1432E-05, 4.69586E-10
0.7, 1.1, 0.1, -6.28926E-05, -9.24836E-09, 6.29013E-05, 4.95015E-10
0.75, 1.1, 0.1, -6.40923E-05, -9.28327E-09, 6.4101E-05, 5.2176E-10
0.8, 1.1, 0.1, -6.51319E-05, -9.33235E-09, 6.51407E-05, 5.49883E-10
0.85, 1.1, 0.1, -6.60735E-05, -9.39181E-09, 6.60823E-05, 5.7945E-10
0.9, 1.1, 0.1, -6.6952E-05, -9.45926E-09, 6.69609E-05, 6.10528E-10
0.95, 1.1, 0.1, -6.77881E-05, -9.53423E-09, 6.7797E-05, 6.43188E-10
1, 1.1, 0.1, -6.85945E-05, -9.61612E-09, 6.86034E-05, 6.77503E-10
1.05, 1.1, 0.1, -6.93793E-05, -9.6995E-09, 6.93883E-05, 7.13548E-10
1.1, 1.1, 0.1, -7.0148E-05, -9.78353E-09, 7.01571E-05, 7.51403E-10
0, 1.1, 0.15, 2.68307E-05, -1.65356E-08, -2.68153E-05, 1.16938E-09
0.05, 1.1, 0.15, 1.82488E-05, -1.34192E-08, -1.8236E-05, 5.7421E-10
0.1, 1.1, 0.15, 9.32717E-06, -1.09838E-08, -9.31646E-06, 2.75607E-10
0.15, 1.1, 0.15, 4.44018E-09, -9.01072E-09, 4.44019E-09, 1.30357E-10
0.2, 1.1, 0.15, -9.11844E-06, -8.70495E-09, 9.12701E-06, 1.37682E-10
0.25, 1.1, 0.15, -1.74122E-05, -8.42156E-09, 1.74205E-05, 1.4541E-10
0.3, 1.1, 0.15, -2.49027E-05, -8.17757E-09, 2.49107E-05, 1.53562E-10
0.35, 1.1, 0.15, -3.16112E-05, -7.96617E-09, 3.1619E-05, 1.62162E-10
0.4, 1.1, 0.15, -3.75522E-05, -7.78368E-09, 3.75599E-05, 1.71234E-10
0.45, 1.1, 0.15, -4.27294E-05, -7.62819E-09, 4.27368E-05, 1.80801E-10
0.5, 1.1, 0.15, -4.71287E-05, -7.49979E-09, 4.7136E-05, 1.90891E-10
0.55, 1.1, 0.15, -5.07189E-05, -7.4011E-09, 5.07261E-05, 2.01532E-10
0.6, 1.1, 0.15, -5.34893E-05, -7.33586E-09, 5.34964E-05, 2.12754E-10
0.65, 1.1, 0.15, -5.5537E-05, -7.30402E-09, 5.55441E-05, 2.24586E-10
0.7, 1.1, 0.15, -5.70712E-05, -7.2992E-09, 5.70782E-05, 2.37061E-10
0.75, 1.1, 0.15, -5.82939E-05, -7.31333E-09, 5.83009E-05, 2.5021E-10
0.8, 1.1, 0.15, -5.9336E-05, -7.34043E-09, 5.93431E-05, 2.64066E-10
0.85, 1.1, 0.15, -6.02707E-05, -7.37675E-09, 6.02778E-05, 2.78667E-10
0.9, 1.1, 0.15, -6.11381E-05, -7.41996E-09, 6.11452E-05, 2.94048E-10
0.95, 1.1, 0.15, -6.19612E-05, -7.46962E-09, 6.19683E-05, 3.10251E-10
1, 1.1, 0.15, -6.27538E-05, -7.52515E-09, 6.2761E-05, 3.27315E-10
1.05, 1.1, 0.15, -6.35248E-05, -7.58114E-09, 6.3532E-05, 3.45285E-10
1.1, 1.1, 0.15, -6.42797E-05, -7.63675E-09, 6.4287E-05, 3.64205E-10
0, 1.1, 0.2, 3.44231E-05, -1.61857E-08, -3.44082E-05, 1.22946E-09
0.05, 1.1, 0.2, 2.62839E-05, -1.30701E-08, -2.62714E-05, 6.05009E-10
0.1, 1.1, 0.2, 1.78675E-05, -1.06423E-08, -1.78571E-05, 2.90813E-10
0.15, 1.1, 0.2, 9.12701E-06, -8.70495E-09, -9.11844E-06, 1.37682E-10
0.2, 1.1, 0.2, 3.52436E-09, -7.1133E-09, 3.52437E-09, 6.45608E-11
0.25, 1.1, 0.2, -8.88292E-06, -6.8612E-09, 8.88971E-06, 6.82302E-11
0.3, 1.1, 0.2, -1.68883E-05, -6.62898E-09, 1.68949E-05, 7.21052E-11
0.35, 1.1, 0.2, -2.40418E-05, -6.42982E-09, 2.40481E-05, 7.61973E-11
0.4, 1.1, 0.2, -3.03666E-05, -6.25817E-09, 3.03727E-05, 8.05183E-11
0.45, 1.1, 0.2, -3.58765E-05, -6.11122E-09, 3.58825E-05, 8.5081E-11
0.5, 1.1, 0.2, -4.05702E-05, -5.98793E-09, 4.05761E-05, 8.98989E-11
0.55, 1.1, 0.2, -4.44266E-05, -5.88939E-09, 4.44324E-05, 9.49864E-11
0.6, 1.1, 0.2, -4.74254E-05, -5.8186E-09, 4.74311E-05, 1.00359E-10
0.65, 1.1, 0.2, -4.96306E-05, -5.77702E-09, 4.96363E-05, 1.06033E-10
0.7, 1.1, 0.2, -5.12437E-05, -5.76054E-09, 5.12494E-05, 1.12023E-10
0.75, 1.1, 0.2, -5.24942E-05, -5.76199E-09, 5.24999E-05, 1.18347E-10
0.8, 1.1, 0.2, -5.35393E-05, -5.77556E-09, 5.3545E-05, 1.25021E-10
0.85, 1.1, 0.2, -5.4466E-05, -5.79755E-09, 5.44716E-05, 1.32064E-10
0.9, 1.1, 0.2, -5.53207E-05, -5.82571E-09, 5.53264E-05, 1.39494E-10
0.95, 1.1, 0.2, -5.61293E-05, -5.85963E-09, 5.6135E-05, 1.47333E-10
1, 1.1, 0.2, -5.69068E-05, -5.89877E-09, 5.69125E-05, 1.55602E-10
1.05, 1.1, 0.2, -5.76624E-05, -5.93774E-09, 5.76682E-05, 1.64323E-10
1.1, 1.1, 0.2, -5.84023E-05, -5.97568E-09, 5.84082E-05, 1.73522E-10
0, 1.1, 0.25, 4.13657E-05, -1.58841E-08, -4.13511E-05, 1.29238E-09
0.05, 1.1, 0.25, 3.36194E-05, -1.2767E-08, -3.36073E-05, 6.37376E-10
0.1, 1.1, 0.25, 2.56493E-05, -1.03478E-08, -2.56393E-05, 3.06831E-10
0.15, 1.1, 0.25, 1.74205E-05, -8.42156E-09, -1.74122E-05, 1.4541E-10
0.2, 1.1, 0.25, 8.88971E-06, -6.8612E-09, -8.88292E-06, 6.82301E-11
0.25, 1.1, 0.25, 2.76888E-09, -5.56958E-09, 2.76889E-09, 3.18093E-11
0.3, 1.1, 0.25, -8.60187E-06, -5.36376E-09, 8.6072E-06, 3.36325E-11
0.35, 1.1, 0.25, -1.6269E-05, -5.17562E-09, 1.62741E-05, 3.55592E-11
0.4, 1.1, 0.25, -2.30317E-05, -5.01519E-09, 2.30366E-05, 3.75953E-11
0.45, 1.1, 0.25, -2.89148E-05, -4.87808E-09, 2.89196E-05, 3.97469E-11
0.5, 1.1, 0.25, -3.39305E-05, -4.76225E-09, 3.39352E-05, 4.20208E-11
0.55, 1.1, 0.25, -3.80715E-05, -4.66754E-09, 3.80762E-05, 4.44242E-11
0.6, 1.1, 0.25, -4.13185E-05, -4.59582E-09, 4.1323E-05, 4.6965E-11
0.65, 1.1, 0.25, -4.3706E-05, -4.54915E-09, 4.37105E-05, 4.96516E-11
0.7, 1.1, 0.25, -4.54148E-05, -4.5255E-09, 4.54193E-05, 5.2492E-11
0.75, 1.1, 0.25, -4.66989E-05, -4.5189E-09, 4.67034E-05, 5.54939E-11
0.8, 1.1, 0.25, -4.77472E-05, -4.52379E-09, 4.77517E-05, 5.86653E-11
0.85, 1.1, 0.25, -4.86643E-05, -4.53655E-09, 4.86688E-05, 6.20151E-11
0.9, 1.1, 0.25, -4.95044E-05, -4.55496E-09, 4.95089E-05, 6.55528E-11
0.95, 1.1, 0.25, -5.02964E-05, -4.57867E-09, 5.0301E-05, 6.92886E-11
1, 1.1, 0.25, -5.10569E-05, -4.60719E-09, 5.10615E-05, 7.32331E-11
1.05, 1.1, 0.25, -5.17957E-05, -4.63514E-09, 5.18003E-05, 7.73978E-11
1.1, 1.1, 0.25, -5.25191E-05, -4.6617E-09, 5.25237E-05, 8.17947E-11
0, 1.1, 0.3, 4.76676E-05, -1.56262E-08, -4.76533E-05, 1.35827E-09
0.05, 1.1, 0.3, 4.02695E-05, -1.25045E-08, -4.02577E-05, 6.71386E-10
0.1, 1.1, 0.3, 3.26921E-05, -1.0092E-08, -3.26824E-05, 3.23702E-10
0.15, 1.1, 0.3, 2.49107E-05, -8.17757E-09, -2.49027E-05, 1.53562E-10
0.2, 1.1, 0.3, 1.68949E-05, -6.62898E-09, -1.68883E-05, 7.21052E-11
0.25, 1.1, 0.3, 8.6072E-06, -5.36376E-09, -8.60187E-06, 3.36325E-11
0.3, 1.1, 0.3, 2.1493E-09, -4.31422E-09, 2.14931E-09, 1.56142E-11
0.35, 1.1, 0.3, -8.26496E-06, -4.14773E-09, 8.26909E-06, 1.65153E-11
0.4, 1.1, 0.3, -1.55335E-05, -3.99695E-09, 1.55375E-05, 1.74681E-11
0.45, 1.1, 0.3, -2.1841E-05, -3.86941E-09, 2.18449E-05, 1.84756E-11
0.5, 1.1, 0.3, -2.72139E-05, -3.76168E-09, 2.72177E-05, 1.95411E-11
0.55, 1.1, 0.3, -3.16615E-05, -3.67252E-09, 3.16652E-05, 2.0668E-11
0.6, 1.1, 0.3, -3.51745E-05, -3.6026E-09, 3.51781E-05, 2.18606E-11
0.65, 1.1, 0.3, -3.7768E-05, -3.55378E-09, 3.77715E-05, 2.31233E-11
0.7, 1.1, 0.3, -3.95915E-05, -3.52569E-09, 3.9595E-05, 2.44603E-11
0.75, 1.1, 0.3, -4.09158E-05, -3.51376E-09, 4.09193E-05, 2.58751E-11
0.8, 1.1, 0.3, -4.19671E-05, -3.5128E-09, 4.19706E-05, 2.73712E-11
0.85, 1.1, 0.3, -4.28723E-05, -3.51928E-09, 4.28758E-05, 2.89527E-11
0.9, 1.1, 0.3, -4.3695E-05, -3.53103E-09, 4.36985E-05, 3.0624E-11
0.95, 1.1, 0.3, -4.4468E-05, -3.54777E-09, 4.44716E-05, 3.239E-11
1, 1.1, 0.3, -4.52093E-05, -3.56902E-09, 4.52128E-05, 3.42558E-11
1.05, 1.1, 0.3, -4.59292E-05, -3.58946E-09, 4.59327E-05, 3.62269E-11
1.1, 1.1, 0.3, -4.66342E-05, -3.60826E-09, 4.66377E-05, 3.83092E-11
0, 1.1, 0.35, 5.33311E-05, -1.5409E-08, -5.33171E-05, 1.42723E-09
0.05, 1.1, 0.35, 4.62424E-05, -1.22787E-08, -4.62308E-05, 7.07113E-10
0.1, 1.1, 0.35, 3.90105E-05, -9.87036E-09, -3.90009E-05, 3.41471E-10
0.15, 1.1, 0.35, 3.1619E-05, -7.96617E-09, -3.16112E-05, 1.62162E-10
0.2, 1.1, 0.35, 2.40481E-05, -6.42982E-09, -2.40418E-05, 7.61972E-11
0.25, 1.1, 0.35, 1.62741E-05, -5.17562E-09, -1.6269E-05, 3.55592E-11
0.3, 1.1, 0.35, 8.26909E-06, -4.14773E-09, -8.26496E-06, 1.65153E-11
0.35, 1.1, 0.35, 1.6446E-09, -3.29685E-09, 1.64461E-09, 7.64228E-12
0.4, 1.1, 0.35, -7.85862E-06, -3.16344E-09, 7.86178E-06, 8.0859E-12
0.45, 1.1, 0.35, -1.4655E-05, -3.04396E-09, 1.4658E-05, 8.55528E-12
0.5, 1.1, 0.35, -2.04301E-05, -2.94396E-09, 2.0433E-05, 9.05199E-12
0.55, 1.1, 0.35, -2.52116E-05, -2.8609E-09, 2.52145E-05, 9.5778E-12
0.6, 1.1, 0.35, -2.90074E-05, -2.79432E-09, 2.90102E-05, 1.01348E-11
0.65, 1.1, 0.35, -3.1827E-05, -2.74536E-09, 3.18297E-05, 1.07254E-11
0.7, 1.1, 0.35, -3.37851E-05, -2.71462E-09, 3.37878E-05, 1.13522E-11
0.75, 1.1, 0.35, -3.51568E-05, -2.69905E-09, 3.51595E-05, 1.20168E-11
0.8, 1.1, 0.35, -3.62099E-05, -2.694E-09, 3.62126E-05, 1.27205E-11
0.85, 1.1, 0.35, -3.70996E-05, -2.696E-09, 3.71023E-05, 1.3465E-11
0.9, 1.1, 0.35, -3.79012E-05, -2.70298E-09, 3.79039E-05, 1.42522E-11
0.95, 1.1, 0.35, -3.86519E-05, -2.7147E-09, 3.86546E-05, 1.50844E-11
1, 1.1, 0.35, -3.93709E-05, -2.73074E-09, 3.93736E-05, 1.5964E-11
1.05, 1.1, 0.35, -4.00692E-05, -2.74578E-09, 4.0072E-05, 1.68935E-11
1.1, 1.1, 0.35, -4.07536E-05, -2.75903E-09, 4.07563E-05, 1.78759E-11
0, 1.1, 0.4, 5.83476E-05, -1.52317E-08, -5.83339E-05, 1.4994E-09
0.05, 1.1, 0.4, 5.15369E-05, -1.20878E-08, -5.15256E-05, 7.44637E-10
0.1, 1.1, 0.4, 4.46109E-05, -9.67998E-09, -4.46016E-05, 3.6018E-10
0.15, 1.1, 0.4, 3.75599E-05, -7.78368E-09, -3.75522E-05, 1.71233E-10
0.2, 1.1, 0.4, 3.03727E-05, -6.25817E-09, -3.03666E-05, 8.05183E-11
0.25, 1.1, 0.4, 2.30366E-05, -5.01519E-09, -2.30317E-05, 3.75953E-11
0.3, 1.1, 0.4, 1.55375E-05, -3.99695E-09, -1.55335E-05, 1.74681E-11
0.35, 1.1, 0.4, 7.86178E-06, -3.16344E-09, -7.85862E-06, 8.0859E-12
0.4, 1.1, 0.4, 1.23677E-09, -2.47727E-09, 1.23678E-09, 3.73249E-12
0.45, 1.1, 0.4, -7.36504E-06, -2.37143E-09, 7.36741E-06, 3.95013E-12
0.5, 1.1, 0.4, -1.35989E-05, -2.27792E-09, 1.36012E-05, 4.18064E-12
0.55, 1.1, 0.4, -1.87489E-05, -2.20076E-09, 1.87511E-05, 4.42489E-12
0.6, 1.1, 0.4, -2.28448E-05, -2.13822E-09, 2.2847E-05, 4.68395E-12
0.65, 1.1, 0.4, -2.5905E-05, -2.0905E-09, 2.59071E-05, 4.95923E-12
0.7, 1.1, 0.4, -2.80157E-05, -2.05844E-09, 2.80177E-05, 5.25232E-12
0.75, 1.1, 0.4, -2.94413E-05, -2.04039E-09, 2.94433E-05, 5.56422E-12
0.8, 1.1, 0.4, -3.0493E-05, -2.03238E-09, 3.04951E-05, 5.89528E-12
0.85, 1.1, 0.4, -3.13617E-05, -2.03111E-09, 3.13637E-05, 6.24597E-12
0.9, 1.1, 0.4, -3.21369E-05, -2.03455E-09, 3.21389E-05, 6.61705E-12
0.95, 1.1, 0.4, -3.28605E-05, -2.04254E-09, 3.28625E-05, 7.00952E-12
1, 1.1, 0.4, -3.35533E-05, -2.05468E-09, 3.35553E-05, 7.42447E-12
1.05, 1.1, 0.4, -3.42267E-05, -2.0657E-09, 3.42287E-05, 7.86314E-12
1.1, 1.1, 0.4, -3.48872E-05, -2.07481E-09, 3.48893E-05, 8.32681E-12
0, 1.1, 0.45, 6.26918E-05, -1.50964E-08, -6.26783E-05, 1.5749E-09
0.05, 1.1, 0.45, 5.61371E-05, -1.19321E-08, -5.61259E-05, 7.84039E-10
0.1, 1.1, 0.45, 4.94869E-05, -9.51999E-09, -4.94777E-05, 3.79879E-10
0.15, 1.1, 0.45, 4.27368E-05, -7.62819E-09, -4.27294E-05, 1.80801E-10
0.2, 1.1, 0.45, 3.58825E-05, -6.11122E-09, -3.58765E-05, 8.5081E-11
0.25, 1.1, 0.45, 2.89196E-05, -4.87808E-09, -2.89148E-05, 3.97469E-11
0.3, 1.1, 0.45, 2.18449E-05, -3.86941E-09, -2.1841E-05, 1.84756E-11
0.35, 1.1, 0.45, 1.4658E-05, -3.04396E-09, -1.4655E-05, 8.55528E-12
0.4, 1.1, 0.45, 7.36741E-06, -2.37143E-09, -7.36504E-06, 3.95013E-12
0.45, 1.1, 0.45, 9.10378E-10, -1.82259E-09, 9.10388E-10, 1.82229E-12
0.5, 1.1, 0.45, -6.761E-06, -1.73953E-09, 6.76274E-06, 1.92864E-12
0.55, 1.1, 0.45, -1.23215E-05, -1.66737E-09, 1.23232E-05, 2.04149E-12
0.6, 1.1, 0.45, -1.67368E-05, -1.60897E-09, 1.67384E-05, 2.16138E-12
0.65, 1.1, 0.45, -2.00457E-05, -1.56336E-09, 2.00473E-05, 2.28912E-12
0.7, 1.1, 0.45, -2.23205E-05, -1.53102E-09, 2.23221E-05, 2.42578E-12
0.75, 1.1, 0.45, -2.3804E-05, -1.51134E-09, 2.38055E-05, 2.57214E-12
0.8, 1.1, 0.45, -2.48476E-05, -1.50119E-09, 2.48491E-05, 2.72825E-12
0.85, 1.1, 0.45, -2.56862E-05, -1.49747E-09, 2.56877E-05, 2.89403E-12
0.9, 1.1, 0.45, -2.64271E-05, -1.49824E-09, 2.64286E-05, 3.06969E-12
0.95, 1.1, 0.45, -2.71169E-05, -1.50337E-09, 2.71184E-05, 3.2556E-12
1, 1.1, 0.45, -2.77777E-05, -1.51254E-09, 2.77792E-05, 3.45226E-12
1.05, 1.1, 0.45, -2.84211E-05, -1.52047E-09, 2.84226E-05, 3.66022E-12
1.1, 1.1, 0.45, -2.90534E-05, -1.52642E-09, 2.90549E-05, 3.88008E-12
0, 1.1, 0.5, 6.6323E-05, -1.50086E-08, -6.63096E-05, 1.65386E-09
0.05, 1.1, 0.5, 6.00082E-05, -1.18151E-08, -5.99973E-05, 8.25405E-10
0.1, 1.1, 0.5, 5.36132E-05, -9.39197E-09, -5.36042E-05, 4.00616E-10
0.15, 1.1, 0.5, 4.7136E-05, -7.49979E-09, -4.71287E-05, 1.90891E-10
0.2, 1.1, 0.5, 4.05761E-05, -5.98793E-09, -4.05702E-05, 8.98989E-11
0.25, 1.1, 0.5, 3.39352E-05, -4.76225E-09, -3.39305E-05, 4.20208E-11
0.3, 1.1, 0.5, 2.72177E-05, -3.76168E-09, -2.72139E-05, 1.95411E-11
0.35, 1.1, 0.5, 2.0433E-05, -2.94396E-09, -2.04301E-05, 9.05199E-12
0.4, 1.1, 0.5, 1.36012E-05, -2.27792E-09, -1.35989E-05, 4.18064E-12
0.45, 1.1, 0.5, 6.76274E-06, -1.73953E-09, -6.761E-06, 1.92864E-12
0.5, 1.1, 0.5, 6.52281E-10, -1.30547E-09, 6.52291E-10, 8.9368E-13
0.55, 1.1, 0.5, -6.01796E-06, -1.24107E-09, 6.0192E-06, 9.45371E-13
0.6, 1.1, 0.5, -1.07724E-05, -1.1863E-09, 1.07736E-05, 1.00042E-12
0.65, 1.1, 0.5, -1.43311E-05, -1.14318E-09, 1.43322E-05, 1.05927E-12
0.7, 1.1, 0.5, -1.67713E-05, -1.11136E-09, 1.67724E-05, 1.12263E-12
0.75, 1.1, 0.5, -1.83102E-05, -1.09071E-09, 1.83113E-05, 1.1912E-12
0.8, 1.1, 0.5, -1.93328E-05, -1.07902E-09, 1.93339E-05, 1.26503E-12
0.85, 1.1, 0.5, -2.01271E-05, -1.07345E-09, 2.01281E-05, 1.34382E-12
0.9, 1.1, 0.5, -2.08212E-05, -1.07216E-09, 2.08223E-05, 1.42753E-12
0.95, 1.1, 0.5, -2.1467E-05, -1.0751E-09, 2.14681E-05, 1.51625E-12
1, 1.1, 0.5, -2.20871E-05, -1.08195E-09, 2.20881E-05, 1.61019E-12
1.05, 1.1, 0.5, -2.26926E-05, -1.08749E-09, 2.26937E-05, 1.70961E-12
1.1, 1.1, 0.5, -2.32896E-05, -1.09099E-09, 2.32907E-05, 1.81476E-12
0, 1.1, 0.55, 6.92175E-05, -1.49746E-08, -6.92043E-05, 1.73642E-09
0.05, 1.1, 0.55, 6.3117E-05, -1.17423E-08, -6.31061E-05, 8.68823E-10
0.1, 1.1, 0.55, 5.69541E-05, -9.30009E-09, -5.69452E-05, 4.22443E-10
0.15, 1.1, 0.55, 5.07261E-05, -7.4011E-09, -5.07189E-05, 2.01532E-10
0.2, 1.1, 0.55, 4.44324E-05, -5.88939E-09, -4.44266E-05, 9.49864E-11
0.25, 1.1, 0.55, 3.80762E-05, -4.66754E-09, -3.80715E-05, 4.44242E-11
0.3, 1.1, 0.55, 3.16652E-05, -3.67252E-09, -3.16615E-05, 2.0668E-11
0.35, 1.1, 0.55, 2.52145E-05, -2.8609E-09, -2.52116E-05, 9.5778E-12
0.4, 1.1, 0.55, 1.87511E-05, -2.20076E-09, -1.87489E-05, 4.42489E-12
0.45, 1.1, 0.55, 1.23232E-05, -1.66737E-09, -1.23215E-05, 2.04149E-12
0.5, 1.1, 0.55, 6.0192E-06, -1.24107E-09, -6.01796E-06, 9.45371E-13
0.55, 1.1, 0.55, 4.51235E-10, -9.02924E-10, 4.51245E-10, 4.45445E-13
0.6, 1.1, 0.55, -5.10714E-06, -8.5368E-10, 5.10799E-06, 4.70385E-13
0.65, 1.1, 0.55, -8.90836E-06, -8.12924E-10, 8.90918E-06, 4.9716E-13
0.7, 1.1, 0.55, -1.15018E-05, -7.82125E-10, 1.15026E-05, 5.26189E-13
0.75, 1.1, 0.55, -1.30853E-05, -7.61033E-10, 1.3086E-05, 5.58072E-13
0.8, 1.1, 0.55, -1.4065E-05, -7.48244E-10, 1.40657E-05, 5.92968E-13
0.85, 1.1, 0.55, -1.47923E-05, -7.41285E-10, 1.4793E-05, 6.30578E-13
0.9, 1.1, 0.55, -1.54207E-05, -7.3841E-10, 1.54215E-05, 6.70729E-13
0.95, 1.1, 0.55, -1.60062E-05, -7.39623E-10, 1.6007E-05, 7.13416E-13
1, 1.1, 0.55, -1.65713E-05, -7.44667E-10, 1.6572E-05, 7.58712E-13
1.05, 1.1, 0.55, -1.71261E-05, -7.48339E-10, 1.71268E-05, 8.06725E-13
1.1, 1.1, 0.55, -1.7676E-05, -7.49914E-10, 1.76767E-05, 8.57581E-13
0, 1.1, 0.6, 7.1438E-05, -1.49952E-08, -7.14248E-05, 1.8227E-09
0.05, 1.1, 0.6, 6.54976E-05, -1.17164E-08, -6.54868E-05, 9.14383E-10
0.1, 1.1, 0.6, 5.9518E-05, -9.24814E-09, -5.95092E-05, 4.45414E-10
0.15, 1.1, 0.6, 5.34964E-05, -7.33586E-09, -5.34893E-05, 2.12754E-10
0.2, 1.1, 0.6, 4.74311E-05, -5.8186E-09, -4.74254E-05, 1.00359E-10
0.25, 1.1, 0.6, 4.1323E-05, -4.59582E-09, -4.13185E-05, 4.6965E-11
0.3, 1.1, 0.6, 3.51781E-05, -3.6026E-09, -3.51745E-05, 2.18606E-11
0.35, 1.1, 0.6, 2.90102E-05, -2.79432E-09, -2.90074E-05, 1.01348E-11
0.4, 1.1, 0.6, 2.2847E-05, -2.13822E-09, -2.28448E-05, 4.68395E-12
0.45, 1.1, 0.6, 1.67384E-05, -1.60897E-09, -1.67368E-05, 2.16138E-12
0.5, 1.1, 0.6, 1.07736E-05, -1.1863E-09, -1.07724E-05, 1.00042E-12
0.55, 1.1, 0.6, 5.10799E-06, -8.5368E-10, -5.10714E-06, 4.70385E-13
0.6, 1.1, 0.6, 2.97581E-10, -5.95402E-10, 2.97591E-10, 2.31207E-13
0.65, 1.1, 0.6, -4.01888E-06, -5.58338E-10, 4.01944E-06, 2.43134E-13
0.7, 1.1, 0.6, -6.74141E-06, -5.28755E-10, 6.74193E-06, 2.56154E-13
0.75, 1.1, 0.6, -8.35292E-06, -5.07634E-10, 8.35343E-06, 2.70679E-13
0.8, 1.1, 0.6, -9.26089E-06, -4.94082E-10, 9.26139E-06, 2.86987E-13
0.85, 1.1, 0.6, -9.88935E-06, -4.86074E-10, 9.88984E-06, 3.04868E-13
0.9, 1.1, 0.6, -1.04243E-05, -4.81969E-10, 1.04247E-05, 3.24125E-13
0.95, 1.1, 0.6, -1.09249E-05, -4.81843E-10, 1.09254E-05, 3.44714E-13
1, 1.1, 0.6, -1.14123E-05, -4.85477E-10, 1.14128E-05, 3.66656E-13
1.05, 1.1, 0.6, -1.18952E-05, -4.87694E-10, 1.18957E-05, 3.89998E-13
1.1, 1.1, 0.6, -1.23779E-05, -4.87774E-10, 1.23784E-05, 4.14801E-13
0, 1.1, 0.65, 7.31458E-05, -1.50619E-08, -7.31327E-05, 1.91285E-09
0.05, 1.1, 0.65, 6.72993E-05, -1.17324E-08, -6.72885E-05, 9.6218E-10
0.1, 1.1, 0.65, 6.1432E-05, -9.23373E-09, -6.14232E-05, 4.69586E-10
0.15, 1.1, 0.65, 5.55441E-05, -7.30402E-09, -5.5537E-05, 2.24586E-10
0.2, 1.1, 0.65, 4.96363E-05, -5.77702E-09, -4.96306E-05, 1.06033E-10
0.25, 1.1, 0.65, 4.37105E-05, -4.54915E-09, -4.3706E-05, 4.96516E-11
0.3, 1.1, 0.65, 3.77715E-05, -3.55378E-09, -3.7768E-05, 2.31233E-11
0.35, 1.1, 0.65, 3.18297E-05, -2.74536E-09, -3.1827E-05, 1.07254E-11
0.4, 1.1, 0.65, 2.59071E-05, -2.0905E-09, -2.5905E-05, 4.95923E-12
0.45, 1.1, 0.65, 2.00473E-05, -1.56336E-09, -2.00457E-05, 2.28912E-12
0.5, 1.1, 0.65, 1.43322E-05, -1.14318E-09, -1.43311E-05, 1.05927E-12
0.55, 1.1, 0.65, 8.90918E-06, -8.12924E-10, -8.90836E-06, 4.9716E-13
0.6, 1.1, 0.65, 4.01944E-06, -5.58338E-10, -4.01888E-06, 2.43134E-13
0.65, 1.1, 0.65, 1.83025E-10, -3.66189E-10, 1.83035E-10, 1.30088E-13
0.7, 1.1, 0.65, -2.80882E-06, -3.38856E-10, 2.80916E-06, 1.35737E-13
0.75, 1.1, 0.65, -4.44261E-06, -3.18049E-10, 4.44293E-06, 1.42102E-13
0.8, 1.1, 0.65, -5.26185E-06, -3.04023E-10, 5.26216E-06, 1.49463E-13
0.85, 1.1, 0.65, -5.7583E-06, -2.95257E-10, 5.75859E-06, 1.57762E-13
0.9, 1.1, 0.65, -6.16699E-06, -2.90246E-10, 6.16728E-06, 1.66829E-13
0.95, 1.1, 0.65, -6.55167E-06, -2.89121E-10, 6.55196E-06, 1.76611E-13
1, 1.1, 0.65, -6.93113E-06, -2.91699E-10, 6.93143E-06, 1.87114E-13
1.05, 1.1, 0.65, -7.31238E-06, -2.92822E-10, 7.31267E-06, 1.98363E-13
1.1, 1.1, 0.65, -7.69848E-06, -2.91785E-10, 7.69877E-06, 2.10389E-13
0, 1.1, 0.7, 7.45181E-05, -1.51629E-08, -7.45049E-05, 2.00702E-09
0.05, 1.1, 0.7, 6.87154E-05, -1.17797E-08, -6.87046E-05, 1.01231E-09
0.1, 1.1, 0.7, 6.29013E-05, -9.24836E-09, -6.28926E-05, 4.95014E-10
0.15, 1.1, 0.7, 5.70782E-05, -7.2992E-09, -5.70712E-05, 2.37061E-10
0.2, 1.1, 0.7, 5.12494E-05, -5.76054E-09, -5.12437E-05, 1.12023E-10
0.25, 1.1, 0.7, 4.54193E-05, -4.5255E-09, -4.54148E-05, 5.2492E-11
0.3, 1.1, 0.7, 3.9595E-05, -3.52569E-09, -3.95915E-05, 2.44603E-11
0.35, 1.1, 0.7, 3.37878E-05, -2.71462E-09, -3.37851E-05, 1.13522E-11
0.4, 1.1, 0.7, 2.80177E-05, -2.05844E-09, -2.80157E-05, 5.25232E-12
0.45, 1.1, 0.7, 2.23221E-05, -1.53102E-09, -2.23205E-05, 2.42578E-12
0.5, 1.1, 0.7, 1.67724E-05, -1.11136E-09, -1.67713E-05, 1.12263E-12
0.55, 1.1, 0.7, 1.15026E-05, -7.82125E-10, -1.15018E-05, 5.26189E-13
0.6, 1.1, 0.7, 6.74193E-06, -5.28755E-10, -6.74141E-06, 2.56154E-13
0.65, 1.1, 0.7, 2.80916E-06, -3.38856E-10, -2.80882E-06, 1.35737E-13
0.7, 1.1, 0.7, 1.01121E-10, -2.02335E-10, 1.01131E-10, 8.30991E-14
0.75, 1.1, 0.7, -1.65163E-06, -1.82725E-10, 1.65181E-06, 8.57384E-14
0.8, 1.1, 0.7, -2.42134E-06, -1.68576E-10, 2.4215E-06, 8.88401E-14
0.85, 1.1, 0.7, -2.78099E-06, -1.59363E-10, 2.78115E-06, 9.24764E-14
0.9, 1.1, 0.7, -3.04596E-06, -1.53785E-10, 3.04611E-06, 9.65373E-14
0.95, 1.1, 0.7, -3.29371E-06, -1.5202E-10, 3.29386E-06, 1.00975E-13
1, 1.1, 0.7, -3.54177E-06, -1.53914E-10, 3.54192E-06, 1.05789E-13
1.05, 1.1, 0.7, -3.79565E-06, -1.54322E-10, 3.7958E-06, 1.10997E-13
1.1, 1.1, 0.7, -4.05761E-06, -1.52548E-10, 4.05776E-06, 1.16617E-13
0, 1.1, 0.75, 7.56831E-05, -1.52886E-08, -7.567E-05, 2.10533E-09
0.05, 1.1, 0.75, 6.98961E-05, -1.18491E-08, -6.98853E-05, 1.06487E-09
0.1, 1.1, 0.75, 6.4101E-05, -9.28327E-09, -6.40923E-05, 5.21759E-10
0.15, 1.1, 0.75, 5.83009E-05, -7.31333E-09, -5.82939E-05, 2.5021E-10
0.2, 1.1, 0.75, 5.24999E-05, -5.76199E-09, -5.24942E-05, 1.18347E-10
0.25, 1.1, 0.75, 4.67034E-05, -4.5189E-09, -4.66989E-05, 5.54939E-11
0.3, 1.1, 0.75, 4.09193E-05, -3.51376E-09, -4.09158E-05, 2.58751E-11
0.35, 1.1, 0.75, 3.51595E-05, -2.69905E-09, -3.51568E-05, 1.20168E-11
0.4, 1.1, 0.75, 2.94433E-05, -2.04039E-09, -2.94413E-05, 5.56422E-12
0.45, 1.1, 0.75, 2.38055E-05, -1.51134E-09, -2.3804E-05, 2.57214E-12
0.5, 1.1, 0.75, 1.83113E-05, -1.09071E-09, -1.83102E-05, 1.1912E-12
0.55, 1.1, 0.75, 1.3086E-05, -7.61033E-10, -1.30853E-05, 5.58072E-13
0.6, 1.1, 0.75, 8.35343E-06, -5.07634E-10, -8.35292E-06, 2.70679E-13
0.65, 1.1, 0.75, 4.44293E-06, -3.18049E-10, -4.44261E-06, 1.42102E-13
0.7, 1.1, 0.75, 1.65181E-06, -1.82725E-10, -1.65163E-06, 8.57384E-14
0.75, 1.1, 0.75, 4.86643E-11, -9.73994E-11, 4.86743E-11, 6.17902E-14
0.8, 1.1, 0.75, -7.87261E-07, -8.37659E-11, 7.87345E-07, 6.29822E-14
0.85, 1.1, 0.75, -1.07726E-06, -7.44329E-11, 1.07734E-06, 6.4423E-14
0.9, 1.1, 0.75, -1.22441E-06, -6.86233E-11, 1.22448E-06, 6.60936E-14
0.95, 1.1, 0.75, -1.35155E-06, -6.65787E-11, 1.35161E-06, 6.79496E-14
1, 1.1, 0.75, -1.47911E-06, -6.81615E-11, 1.47918E-06, 6.99871E-14
1.05, 1.1, 0.75, -1.61193E-06, -6.82379E-11, 1.612E-06, 7.22147E-14
1.1, 1.1, 0.75, -1.75184E-06, -6.61151E-11, 1.75191E-06, 7.46453E-14
0, 1.1, 0.8, 7.67194E-05, -1.54326E-08, -7.67062E-05, 2.20795E-09
0.05, 1.1, 0.8, 7.09339E-05, -1.19344E-08, -7.0923E-05, 1.11996E-09
0.1, 1.1, 0.8, 6.51407E-05, -9.33235E-09, -6.51319E-05, 5.49883E-10
0.15, 1.1, 0.8, 5.93431E-05, -7.34043E-09, -5.9336E-05, 2.64066E-10
0.2, 1.1, 0.8, 5.3545E-05, -5.77556E-09, -5.35393E-05, 1.25021E-10
0.25, 1.1, 0.8, 4.77517E-05, -4.52379E-09, -4.77472E-05, 5.86653E-11
0.3, 1.1, 0.8, 4.19706E-05, -3.5128E-09, -4.19671E-05, 2.73712E-11
0.35, 1.1, 0.8, 3.62126E-05, -2.694E-09, -3.62099E-05, 1.27205E-11
0.4, 1.1, 0.8, 3.04951E-05, -2.03238E-09, -3.0493E-05, 5.89528E-12
0.45, 1.1, 0.8, 2.48491E-05, -1.50119E-09, -2.48476E-05, 2.72825E-12
0.5, 1.1, 0.8, 1.93339E-05, -1.07902E-09, -1.93328E-05, 1.26503E-12
0.55, 1.1, 0.8, 1.40657E-05, -7.48244E-10, -1.4065E-05, 5.92968E-13
0.6, 1.1, 0.8, 9.26139E-06, -4.94082E-10, -9.26089E-06, 2.86987E-13
0.65, 1.1, 0.8, 5.26216E-06, -3.04023E-10, -5.26185E-06, 1.49463E-13
0.7, 1.1, 0.8, 2.4215E-06, -1.68576E-10, -2.42134E-06, 8.88401E-14
0.75, 1.1, 0.8, 7.87345E-07, -8.37659E-11, -7.87261E-07, 6.29822E-14
0.8, 1.1, 0.8, 2.17553E-11, -4.35731E-11, 2.17652E-11, 5.25845E-14
0.85, 1.1, 0.8, -3.08969E-07, -3.43947E-11, 3.09004E-07, 5.30837E-14
0.9, 1.1, 0.8, -4.0601E-07, -2.85567E-11, 4.06038E-07, 5.3691E-14
0.95, 1.1, 0.8, -4.6162E-07, -2.64526E-11, 4.61647E-07, 5.43879E-14
1, 1.1, 0.8, -5.13845E-07, -2.79634E-11, 5.13872E-07, 5.51634E-14
1.05, 1.1, 0.8, -5.68219E-07, -2.79572E-11, 5.68247E-07, 5.60202E-14
1.1, 1.1, 0.8, -6.26262E-07, -2.57465E-11, 6.26287E-07, 5.69643E-14
0, 1.1, 0.85, 7.76728E-05, -1.5591E-08, -7.76595E-05, 2.31502E-09
0.05, 1.1, 0.85, 7.18816E-05, -1.20319E-08, -7.18708E-05, 1.1777E-09
0.1, 1.1, 0.85, 6.60823E-05, -9.39181E-09, -6.60735E-05, 5.7945E-10
0.15, 1.1, 0.85, 6.02778E-05, -7.37675E-09, -6.02707E-05, 2.78666E-10
0.2, 1.1, 0.85, 5.44716E-05, -5.79755E-09, -5.4466E-05, 1.32064E-10
0.25, 1.1, 0.85, 4.86688E-05, -4.53655E-09, -4.86643E-05, 6.20151E-11
0.3, 1.1, 0.85, 4.28758E-05, -3.51928E-09, -4.28723E-05, 2.89527E-11
0.35, 1.1, 0.85, 3.71023E-05, -2.696E-09, -3.70996E-05, 1.3465E-11
0.4, 1.1, 0.85, 3.13637E-05, -2.03111E-09, -3.13617E-05, 6.24597E-12
0.45, 1.1, 0.85, 2.56877E-05, -1.49747E-09, -2.56862E-05, 2.89403E-12
0.5, 1.1, 0.85, 2.01281E-05, -1.07345E-09, -2.01271E-05, 1.34382E-12
0.55, 1.1, 0.85, 1.4793E-05, -7.41285E-10, -1.47923E-05, 6.30578E-13
0.6, 1.1, 0.85, 9.88984E-06, -4.86074E-10, -9.88935E-06, 3.04868E-13
0.65, 1.1, 0.85, 5.75859E-06, -2.95257E-10, -5.7583E-06, 1.57762E-13
0.7, 1.1, 0.85, 2.78115E-06, -1.59363E-10, -2.78099E-06, 9.24764E-14
0.75, 1.1, 0.85, 1.07734E-06, -7.44329E-11, -1.07726E-06, 6.4423E-14
0.8, 1.1, 0.85, 3.09004E-07, -3.43947E-11, -3.08969E-07, 5.30837E-14
0.85, 1.1, 0.85, 9.332E-12, -1.87228E-11, 9.34194E-12, 4.89356E-14
0.9, 1.1, 0.85, -1.04768E-07, -1.29177E-11, 1.04781E-07, 4.91221E-14
0.95, 1.1, 0.85, -1.35608E-07, -1.08127E-11, 1.35619E-07, 4.93489E-14
1, 1.1, 0.85, -1.54828E-07, -1.23164E-11, 1.5484E-07, 4.96089E-14
1.05, 1.1, 0.85, -1.73616E-07, -1.23022E-11, 1.73628E-07, 4.98999E-14
1.1, 1.1, 0.85, -1.93574E-07, -1.00799E-11, 1.93584E-07, 5.02239E-14
0, 1.1, 0.9, 7.85704E-05, -1.57615E-08, -7.8557E-05, 2.42669E-09
0.05, 1.1, 0.9, 7.27702E-05, -1.2139E-08, -7.27593E-05, 1.23818E-09
0.1, 1.1, 0.9, 6.69609E-05, -9.45926E-09, -6.6952E-05, 6.10528E-10
0.15, 1.1, 0.9, 6.11452E-05, -7.41996E-09, -6.11381E-05, 2.94048E-10
0.2, 1.1, 0.9, 5.53264E-05, -5.82571E-09, -5.53207E-05, 1.39494E-10
0.25, 1.1, 0.9, 4.95089E-05, -4.55496E-09, -4.95044E-05, 6.55528E-11
0.3, 1.1, 0.9, 4.36985E-05, -3.53103E-09, -4.3695E-05, 3.0624E-11
0.35, 1.1, 0.9, 3.79039E-05, -2.70298E-09, -3.79012E-05, 1.42522E-11
0.4, 1.1, 0.9, 3.21389E-05, -2.03455E-09, -3.21369E-05, 6.61705E-12
0.45, 1.1, 0.9, 2.64286E-05, -1.49824E-09, -2.64271E-05, 3.06969E-12
0.5, 1.1, 0.9, 2.08223E-05, -1.07216E-09, -2.08212E-05, 1.42753E-12
0.55, 1.1, 0.9, 1.54215E-05, -7.3841E-10, -1.54207E-05, 6.70729E-13
0.6, 1.1, 0.9, 1.04247E-05, -4.81969E-10, -1.04243E-05, 3.24125E-13
0.65, 1.1, 0.9, 6.16728E-06, -2.90246E-10, -6.16699E-06, 1.66829E-13
0.7, 1.1, 0.9, 3.04611E-06, -1.53785E-10, -3.04596E-06, 9.65373E-14
0.75, 1.1, 0.9, 1.22448E-06, -6.86233E-11, -1.22441E-06, 6.60936E-14
0.8, 1.1, 0.9, 4.06038E-07, -2.85567E-11, -4.0601E-07, 5.3691E-14
0.85, 1.1, 0.9, 1.04781E-07, -1.29177E-11, -1.04768E-07, 4.91221E-14
0.9, 1.1, 0.9, 2.93431E-12, -5.92681E-12, 2.94424E-12, 4.76453E-14
0.95, 1.1, 0.9, -3.18896E-08, -3.82627E-12, 3.18933E-08, 4.77068E-14
1, 1.1, 0.9, -4.11903E-08, -5.33085E-12, 4.11956E-08, 4.77818E-14
1.05, 1.1, 0.9, -4.72792E-08, -5.31575E-12, 4.72845E-08, 4.7868E-14
1.1, 1.1, 0.9, -5.33638E-08, -3.09441E-12, 5.33669E-08, 4.79653E-14
0, 1.1, 0.95, 7.9429E-05, -1.59433E-08, -7.94156E-05, 2.54313E-09
0.05, 1.1, 0.95, 7.3618E-05, -1.22552E-08, -7.36071E-05, 1.30153E-09
0.1, 1.1, 0.95, 6.7797E-05, -9.53423E-09, -6.77881E-05, 6.43188E-10
0.15, 1.1, 0.95, 6.19683E-05, -7.46962E-09, -6.19612E-05, 3.10251E-10
0.2, 1.1, 0.95, 5.6135E-05, -5.85963E-09, -5.61293E-05, 1.47333E-10
0.25, 1.1, 0.95, 5.0301E-05, -4.57867E-09, -5.02964E-05, 6.92886E-11
0.3, 1.1, 0.95, 4.44716E-05, -3.54777E-09, -4.4468E-05, 3.239E-11
0.35, 1.1, 0.95, 3.86546E-05, -2.7147E-09, -3.86519E-05, 1.50844E-11
0.4, 1.1, 0.95, 3.28625E-05, -2.04254E-09, -3.28605E-05, 7.00952E-12
0.45, 1.1, 0.95, 2.71184E-05, -1.50337E-09, -2.71169E-05, 3.2556E-12
0.5, 1.1, 0.95, 2.14681E-05, -1.0751E-09, -2.1467E-05, 1.51625E-12
0.55, 1.1, 0.95, 1.6007E-05, -7.39623E-10, -1.60062E-05, 7.13416E-13
0.6, 1.1, 0.95, 1.09254E-05, -4.81843E-10, -1.09249E-05, 3.44714E-13
0.65, 1.1, 0.95, 6.55196E-06, -2.89121E-10, -6.55167E-06, 1.76611E-13
0.7, 1.1, 0.95, 3.29386E-06, -1.5202E-10, -3.29371E-06, 1.00975E-13
0.75, 1.1, 0.95, 1.35161E-06, -6.65787E-11, -1.35155E-06, 6.79496E-14
0.8, 1.1, 0.95, 4.61647E-07, -2.64526E-11, -4.6162E-07, 5.43879E-14
0.85, 1.1, 0.95, 1.35619E-07, -1.08127E-11, -1.35608E-07, 4.93489E-14
0.9, 1.1, 0.95, 3.18933E-08, -3.82627E-12, -3.18896E-08, 4.77068E-14
0.95, 1.1, 0.95, 7.38016E-13, -1.53388E-12, 7.47949E-13, 4.72379E-14
1, 1.1, 0.95, -8.96136E-09, -3.03846E-12, 8.96435E-09, 4.72562E-14
1.05, 1.1, 0.95, -1.16004E-08, -3.02336E-12, 1.16033E-08, 4.72785E-14
1.1, 1.1, 0.95, -1.33795E-08, -8.01137E-13, 1.33803E-08, 4.73044E-14
0, 1.1, 1, 8.02594E-05, -1.6136E-08, -8.02459E-05, 2.6645E-09
0.05, 1.1, 1, 7.4437E-05, -1.23799E-08, -7.44259E-05, 1.36785E-09
0.1, 1.1, 1, 6.86034E-05, -9.61612E-09, -6.85945E-05, 6.77502E-10
0.15, 1.1, 1, 6.2761E-05, -7.52515E-09, -6.27538E-05, 3.27315E-10
0.2, 1.1, 1, 5.69125E-05, -5.89877E-09, -5.69068E-05, 1.55602E-10
0.25, 1.1, 1, 5.10615E-05, -4.60719E-09, -5.10569E-05, 7.32331E-11
0.3, 1.1, 1, 4.52128E-05, -3.56902E-09, -4.52093E-05, 3.42558E-11
0.35, 1.1, 1, 3.93736E-05, -2.73074E-09, -3.93709E-05, 1.5964E-11
0.4, 1.1, 1, 3.35553E-05, -2.05468E-09, -3.35533E-05, 7.42447E-12
0.45, 1.1, 1, 2.77792E-05, -1.51254E-09, -2.77777E-05, 3.45226E-12
0.5, 1.1, 1, 2.20881E-05, -1.08195E-09, -2.20871E-05, 1.61019E-12
0.55, 1.1, 1, 1.6572E-05, -7.44667E-10, -1.65713E-05, 7.58712E-13
0.6, 1.1, 1, 1.14128E-05, -4.85477E-10, -1.14123E-05, 3.66656E-13
0.65, 1.1, 1, 6.93143E-06, -2.91699E-10, -6.93113E-06, 1.87114E-13
0.7, 1.1, 1, 3.54192E-06, -1.53914E-10, -3.54177E-06, 1.05789E-13
0.75, 1.1, 1, 1.47918E-06, -6.81615E-11, -1.47911E-06, 6.99871E-14
0.8, 1.1, 1, 5.13872E-07, -2.79634E-11, -5.13845E-07, 5.51634E-14
0.85, 1.1, 1, 1.5484E-07, -1.23164E-11, -1.54828E-07, 4.96089E-14
0.9, 1.1, 1, 4.11956E-08, -5.33085E-12, -4.11903E-08, 4.77818E-14
0.95, 1.1, 1, 8.96434E-09, -3.03846E-12, -8.96135E-09, 4.72562E-14
1, 1.1, 1, 2.22837E-12, -4.51283E-12, 2.23831E-12, 4.71202E-14
1.05, 1.1, 1, -2.38359E-09, -4.5004E-12, 2.38804E-09, 4.71252E-14
1.1, 1.1, 1, -3.09557E-09, -2.2764E-12, 3.0978E-09, 4.71314E-14
0, 1.1, 1.05, 8.10688E-05, -1.6334E-08, -8.10553E-05, 2.79095E-09
0.05, 1.1, 1.05, 7.52346E-05, -1.25078E-08, -7.52235E-05, 1.43727E-09
0.1, 1.1, 1.05, 6.93883E-05, -9.6995E-09, -6.93793E-05, 7.13548E-10
0.15, 1.1, 1.05, 6.3532E-05, -7.58114E-09, -6.35248E-05, 3.45285E-10
0.2, 1.1, 1.05, 5.76682E-05, -5.93774E-09, -5.76624E-05, 1.64323E-10
0.25, 1.1, 1.05, 5.18003E-05, -4.63514E-09, -5.17957E-05, 7.73978E-11
0.3, 1.1, 1.05, 4.59327E-05, -3.58946E-09, -4.59292E-05, 3.62269E-11
0.35, 1.1, 1.05, 4.0072E-05, -2.74578E-09, -4.00692E-05, 1.68935E-11
0.4, 1.1, 1.05, 3.42287E-05, -2.0657E-09, -3.42267E-05, 7.86314E-12
0.45, 1.1, 1.05, 2.84226E-05, -1.52047E-09, -2.84211E-05, 3.66022E-12
0.5, 1.1, 1.05, 2.26937E-05, -1.08749E-09, -2.26926E-05, 1.70961E-12
0.55, 1.1, 1.05, 1.71268E-05, -7.48339E-10, -1.71261E-05, 8.06725E-13
0.6, 1.1, 1.05, 1.18957E-05, -4.87694E-10, -1.18952E-05, 3.89998E-13
0.65, 1.1, 1.05, 7.31267E-06, -2.92822E-10, -7.31238E-06, 1.98363E-13
0.7, 1.1, 1.05, 3.7958E-06, -1.54322E-10, -3.79565E-06, 1.10997E-13
0.75, 1.1, 1.05, 1.612E-06, -6.82379E-11, -1.61193E-06, 7.22147E-14
0.8, 1.1, 1.05, 5.68247E-07, -2.79572E-11, -5.68219E-07, 5.60202E-14
0.85, 1.1, 1.05, 1.73628E-07, -1.23022E-11, -1.73616E-07, 4.98999E-14
0.9, 1.1, 1.05, 4.72845E-08, -5.31575E-12, -4.72792E-08, 4.7868E-14
0.95, 1.1, 1.05, 1.16033E-08, -3.02336E-12, -1.16003E-08, 4.72785E-14
1, 1.1, 1.05, 2.38803E-09, -4.5004E-12, -2.38358E-09, 4.71252E-14
1.05, 1.1, 1.05, 2.21199E-12, -4.48175E-12, 2.22192E-12, 4.7088E-14
1.1, 1.1, 1.05, -6.13323E-10, -2.25953E-12, 6.15535E-10, 4.70893E-14
0, 1.1, 1.1, 8.18622E-05, -1.65365E-08, -8.18486E-05, 2.92266E-09
0.05, 1.1, 1.1, 7.60161E-05, -1.26379E-08, -7.6005E-05, 1.50992E-09
0.1, 1.1, 1.1, 7.01571E-05, -9.78353E-09, -7.0148E-05, 7.51403E-10
0.15, 1.1, 1.1, 6.4287E-05, -7.63675E-09, -6.42797E-05, 3.64205E-10
0.2, 1.1, 1.1, 5.84082E-05, -5.97568E-09, -5.84023E-05, 1.73522E-10
0.25, 1.1, 1.1, 5.25237E-05, -4.6617E-09, -5.25191E-05, 8.17947E-11
0.3, 1.1, 1.1, 4.66377E-05, -3.60826E-09, -4.66342E-05, 3.83092E-11
0.35, 1.1, 1.1, 4.07563E-05, -2.75903E-09, -4.07536E-05, 1.78759E-11
0.4, 1.1, 1.1, 3.48893E-05, -2.07481E-09, -3.48872E-05, 8.32681E-12
0.45, 1.1, 1.1, 2.90549E-05, -1.52642E-09, -2.90534E-05, 3.88008E-12
0.5, 1.1, 1.1, 2.32907E-05, -1.09099E-09, -2.32896E-05, 1.81476E-12
0.55, 1.1, 1.1, 1.76767E-05, -7.49914E-10, -1.7676E-05, 8.57581E-13
0.6, 1.1, 1.1, 1.23784E-05, -4.87774E-10, -1.23779E-05, 4.14801E-13
0.65, 1.1, 1.1, 7.69877E-06, -2.91785E-10, -7.69848E-06, 2.10389E-13
0.7, 1.1, 1.1, 4.05776E-06, -1.52548E-10, -4.05761E-06, 1.16617E-13
0.75, 1.1, 1.1, 1.75191E-06, -6.61151E-11, -1.75184E-06, 7.46453E-14
0.8, 1.1, 1.1, 6.26287E-07, -2.57465E-11, -6.26262E-07, 5.69643E-14
0.85, 1.1, 1.1, 1.93584E-07, -1.00799E-11, -1.93574E-07, 5.02239E-14
0.9, 1.1, 1.1, 5.33669E-08, -3.09441E-12, -5.33638E-08, 4.79653E-14
0.95, 1.1, 1.1, 1.33802E-08, -8.01137E-13, -1.33795E-08, 4.73044E-14
1, 1.1, 1.1, 3.09779E-09, -2.2764E-12, -3.09556E-09, 4.71314E-14
1.05, 1.1, 1.1, 6.15525E-10, -2.25953E-12, -6.13313E-10, 4.70893E-14
1.1, 1.1, 1.1, -1E-14, -3.73035E-14, -6.74853E-17, 4.70792E-14
