0, 0, 0, 1.00009E-14, 6.855E-14, 2.00805E-16, -7.8753E-14
0.05, 0, 0, -3.40579E-09, 6.0078E-12, 3.39987E-09, -7.89577E-14
0.1, 0, 0, -1.73218E-08, 6.58184E-12, 1.73153E-08, -7.98181E-14
0.15, 0, 0, -7.02228E-08, 5.09183E-12, 7.02178E-08, -8.29545E-14
0.2, 0, 0, -2.50817E-07, 2.56834E-11, 2.50791E-07, -9.28875E-14
0.25, 0, 0, -7.79304E-07, 9.92833E-11, 7.79205E-07, -1.20039E-13
0.3, 0, 0, -2.00854E-06, 2.56375E-10, 2.00828E-06, -1.86733E-13
0.35, 0, 0, -4.18246E-06, 5.02216E-10, 4.18196E-06, -3.40929E-13
0.4, 0, 0, -7.2304E-06, 8.3957E-10, 7.22956E-06, -6.85139E-13
0.45, 0, 0, -1.09019E-05, 1.27814E-09, 1.09007E-05, -1.43754E-12
0.5, 0, 0, -1.49637E-05, 1.83111E-09, 1.49618E-05, -3.0607E-12
0.55, 0, 0, -1.92589E-05, 2.51401E-09, 1.92564E-05, -6.53504E-12
0.6, 0, 0, -2.36914E-05, 3.34524E-09, 2.36881E-05, -1.39361E-11
0.65, 0, 0, -2.82002E-05, 4.34731E-09, 2.81959E-05, -2.96464E-11
0.7, 0, 0, -3.27441E-05, 5.54953E-09, 3.27386E-05, -6.28739E-11
0.75, 0, 0, -3.72935E-05, 6.99327E-09, 3.72866E-05, -1.32799E-10
0.8, 0, 0, -4.1826E-05, 8.74231E-09, 4.18176E-05, -2.78788E-10
0.85, 0, 0, -4.63248E-05, 1.09023E-08, 4.63145E-05, -5.79667E-10
0.9, 0, 0, -5.0777E-05, 1.36544E-08, 5.07645E-05, -1.18699E-09
0.95, 0, 0, -5.51729E-05, 1.73043E-08, 5.5158E-05, -2.37428E-09
1, 0, 0, -5.95054E-05, 2.23382E-08, 5.94877E-05, -4.59205E-09
1.05, 0, 0, -6.37695E-05, 2.94546E-08, 6.37485E-05, -8.49991E-09
1.1, 0, 0, -6.79616E-05, 3.9548E-08, 6.7937E-05, -1.49496E-08
0, 0, 0.05, 3.39988E-09, 6.0078E-12, -3.4058E-09, -7.89577E-14
0.05, 0, 0.05, -5.90918E-12, 1.19071E-11, -5.91898E-12, -7.89403E-14
0.1, 0, 0.05, -1.31252E-08, 1.24836E-11, 1.31128E-08, -7.97279E-14
0.15, 0, 0.05, -6.1655E-08, 1.09969E-11, 6.16441E-08, -8.2611E-14
0.2, 0, 0.05, -2.26258E-07, 3.15905E-11, 2.26226E-07, -9.18363E-14
0.25, 0, 0.05, -7.1404E-07, 1.0514E-10, 7.13935E-07, -1.17257E-13
0.3, 0, 0.05, -1.86921E-06, 2.61987E-10, 1.86895E-06, -1.80061E-13
0.35, 0, 0.05, -3.94891E-06, 5.07321E-10, 3.9484E-06, -3.25871E-13
0.4, 0, 0.05, -6.90359E-06, 8.43956E-10, 6.90275E-06, -6.52485E-13
0.45, 0, 0.05, -1.04924E-05, 1.28163E-09, 1.04912E-05, -1.3681E-12
0.5, 0, 0.05, -1.44825E-05, 1.83347E-09, 1.44806E-05, -2.9142E-12
0.55, 0, 0.05, -1.8715E-05, 2.51493E-09, 1.87124E-05, -6.22645E-12
0.6, 0, 0.05, -2.30918E-05, 3.34422E-09, 2.30885E-05, -1.32859E-11
0.65, 0, 0.05, -2.7551E-05, 4.34361E-09, 2.75467E-05, -2.82767E-11
0.7, 0, 0.05, -3.20505E-05, 5.54193E-09, 3.2045E-05, -5.99942E-11
0.75, 0, 0.05, -3.65598E-05, 6.97964E-09, 3.65529E-05, -1.26773E-10
0.8, 0, 0.05, -4.10561E-05, 8.71877E-09, 4.10477E-05, -2.66294E-10
0.85, 0, 0.05, -4.55222E-05, 1.08617E-08, 4.55119E-05, -5.54152E-10
0.9, 0, 0.05, -4.99448E-05, 1.35837E-08, 4.99323E-05, -1.13616E-09
0.95, 0, 0.05, -5.43138E-05, 1.71814E-08, 5.42989E-05, -2.27675E-09
1, 0, 0.05, -5.86219E-05, 2.21287E-08, 5.86042E-05, -4.41433E-09
1.05, 0, 0.05, -6.28637E-05, 2.91114E-08, 6.28428E-05, -8.19588E-09
1.1, 0, 0.05, -6.70356E-05, 3.9014E-08, 6.7011E-05, -1.4463E-08
0, 0, 0.1, 1.73153E-08, 6.58184E-12, -1.73218E-08, -7.98181E-14
0.05, 0, 0.1, 1.31128E-08, 1.24836E-11, -1.31252E-08, -7.97279E-14
0.1, 0, 0.1, -6.30569E-12, 1.27008E-11, -6.31549E-12, -7.96377E-14
0.15, 0, 0.1, -4.65378E-08, 1.12321E-11, 4.65267E-08, -8.23022E-14
0.2, 0, 0.1, -1.98972E-07, 3.1844E-11, 1.9894E-07, -9.08613E-14
0.25, 0, 0.1, -6.47746E-07, 1.05384E-10, 6.47641E-07, -1.14665E-13
0.3, 0, 0.1, -1.72843E-06, 2.62071E-10, 1.72817E-06, -1.73788E-13
0.35, 0, 0.1, -3.71004E-06, 5.07038E-10, 3.70953E-06, -3.1165E-13
0.4, 0, 0.1, -6.56511E-06, 8.43161E-10, 6.56426E-06, -6.21527E-13
0.45, 0, 0.1, -1.00646E-05, 1.28021E-09, 1.00633E-05, -1.3021E-12
0.5, 0, 0.1, -1.39773E-05, 1.83125E-09, 1.39755E-05, -2.7747E-12
0.55, 0, 0.1, -1.81428E-05, 2.51164E-09, 1.81403E-05, -5.93226E-12
0.6, 0, 0.1, -2.24612E-05, 3.33941E-09, 2.24579E-05, -1.26656E-11
0.65, 0, 0.1, -2.6869E-05, 4.33658E-09, 2.68647E-05, -2.69695E-11
0.7, 0, 0.1, -3.13229E-05, 5.53152E-09, 3.13174E-05, -5.7245E-11
0.75, 0, 0.1, -3.57917E-05, 6.96382E-09, 3.57849E-05, -1.21018E-10
0.8, 0, 0.1, -4.0252E-05, 8.69384E-09, 4.02435E-05, -2.54349E-10
0.85, 0, 0.1, -4.46857E-05, 1.08208E-08, 4.46754E-05, -5.29728E-10
0.9, 0, 0.1, -4.90791E-05, 1.35143E-08, 4.90667E-05, -1.08741E-09
0.95, 0, 0.1, -5.34219E-05, 1.7062E-08, 5.3407E-05, -2.18295E-09
1, 0, 0.1, -5.77063E-05, 2.19259E-08, 5.76886E-05, -4.24277E-09
1.05, 0, 0.1, -6.19267E-05, 2.87789E-08, 6.19058E-05, -7.90114E-09
1.1, 0, 0.1, -6.60792E-05, 3.84949E-08, 6.60547E-05, -1.39894E-08
0, 0, 0.15, 7.02178E-08, 5.09183E-12, -7.02228E-08, -8.29545E-14
0.05, 0, 0.15, 6.16441E-08, 1.09969E-11, -6.1655E-08, -8.2611E-14
0.1, 0, 0.15, 4.65267E-08, 1.12321E-11, -4.65378E-08, -8.23022E-14
0.15, 0, 0.15, -3.564E-12, 7.21981E-12, -3.5738E-12, -8.20108E-14
0.2, 0, 0.15, -1.47021E-07, 2.79498E-11, 1.46993E-07, -8.99766E-14
0.25, 0, 0.15, -5.66213E-07, 1.01583E-10, 5.66111E-07, -1.12244E-13
0.3, 0, 0.15, -1.5724E-06, 2.58279E-10, 1.57214E-06, -1.67942E-13
0.35, 0, 0.15, -3.44921E-06, 5.0315E-10, 3.44871E-06, -2.98286E-13
0.4, 0, 0.15, -6.1947E-06, 8.39141E-10, 6.19386E-06, -5.92235E-13
0.45, 0, 0.15, -9.59533E-06, 1.27603E-09, 9.59405E-06, -1.23945E-12
0.5, 0, 0.15, -1.34235E-05, 1.82683E-09, 1.34217E-05, -2.64198E-12
0.55, 0, 0.15, -1.75176E-05, 2.50672E-09, 1.75151E-05, -5.65199E-12
0.6, 0, 0.15, -2.17753E-05, 3.3336E-09, 2.17719E-05, -1.20742E-11
0.65, 0, 0.15, -2.61309E-05, 4.32921E-09, 2.61266E-05, -2.57223E-11
0.7, 0, 0.15, -3.05396E-05, 5.52149E-09, 3.05342E-05, -5.46206E-11
0.75, 0, 0.15, -3.4969E-05, 6.94921E-09, 3.49622E-05, -1.1552E-10
0.8, 0, 0.15, -3.93945E-05, 8.6711E-09, 3.93861E-05, -2.4293E-10
0.85, 0, 0.15, -4.37975E-05, 1.07833E-08, 4.37873E-05, -5.06349E-10
0.9, 0, 0.15, -4.81637E-05, 1.34501E-08, 4.81513E-05, -1.04066E-09
0.95, 0, 0.15, -5.24821E-05, 1.69504E-08, 5.24673E-05, -2.09274E-09
1, 0, 0.15, -5.67448E-05, 2.17341E-08, 5.67271E-05, -4.07719E-09
1.05, 0, 0.15, -6.09456E-05, 2.84614E-08, 6.09248E-05, -7.6155E-09
1.1, 0, 0.15, -6.50806E-05, 3.79956E-08, 6.50562E-05, -1.35285E-08
0, 0, 0.2, 2.50791E-07, 2.56834E-11, -2.50817E-07, -9.28875E-14
0.05, 0, 0.2, 2.26226E-07, 3.15905E-11, -2.26258E-07, -9.18363E-14
0.1, 0, 0.2, 1.9894E-07, 3.1844E-11, -1.98972E-07, -9.08613E-14
0.15, 0, 0.2, 1.46993E-07, 2.79498E-11, -1.47021E-07, -8.99766E-14
0.2, 0, 0.2, -1.69519E-11, 3.40027E-11, -1.69617E-11, -8.91613E-14
0.25, 0, 0.2, -3.96824E-07, 1.08234E-10, 3.96716E-07, -1.10058E-13
0.3, 0, 0.2, -1.34188E-06, 2.65378E-10, 1.34161E-06, -1.62509E-13
0.35, 0, 0.2, -3.10988E-06, 5.1069E-10, 3.10937E-06, -2.85803E-13
0.4, 0, 0.2, -5.73467E-06, 8.47245E-10, 5.73382E-06, -5.64708E-13
0.45, 0, 0.2, -9.02676E-06, 1.28481E-09, 9.02548E-06, -1.18019E-12
0.5, 0, 0.2, -1.27652E-05, 1.83624E-09, 1.27634E-05, -2.51595E-12
0.55, 0, 0.2, -1.67868E-05, 2.51657E-09, 1.67843E-05, -5.38522E-12
0.6, 0, 0.2, -2.09856E-05, 3.3435E-09, 2.09823E-05, -1.15104E-11
0.65, 0, 0.2, -2.52927E-05, 4.33853E-09, 2.52884E-05, -2.45327E-11
0.7, 0, 0.2, -2.96608E-05, 5.52917E-09, 2.96553E-05, -5.21157E-11
0.75, 0, 0.2, -3.40557E-05, 6.95339E-09, 3.40488E-05, -1.1027E-10
0.8, 0, 0.2, -3.84515E-05, 8.66841E-09, 3.8443E-05, -2.32014E-10
0.85, 0, 0.2, -4.28287E-05, 1.07675E-08, 4.28184E-05, -4.83974E-10
0.9, 0, 0.2, -4.71722E-05, 1.34095E-08, 4.71598E-05, -9.95828E-10
0.95, 0, 0.2, -5.14707E-05, 1.68649E-08, 5.14559E-05, -2.006E-09
1, 0, 0.2, -5.57157E-05, 2.1572E-08, 5.5698E-05, -3.91743E-09
1.05, 0, 0.2, -5.99009E-05, 2.81779E-08, 5.98801E-05, -7.33874E-09
1.1, 0, 0.2, -6.40219E-05, 3.75352E-08, 6.39975E-05, -1.30801E-08
0, 0, 0.25, 7.79205E-07, 9.92833E-11, -7.79304E-07, -1.20039E-13
0.05, 0, 0.25, 7.13935E-07, 1.0514E-10, -7.1404E-07, -1.17257E-13
0.1, 0, 0.25, 6.47641E-07, 1.05384E-10, -6.47746E-07, -1.14665E-13
0.15, 0, 0.25, 5.66111E-07, 1.01583E-10, -5.66213E-07, -1.12244E-13
0.2, 0, 0.25, 3.96716E-07, 1.08234E-10, -3.96824E-07, -1.10058E-13
0.25, 0, 0.25, -6.23551E-11, 1.24828E-10, -6.23649E-11, -1.08049E-13
0.3, 0, 0.25, -8.69836E-07, 2.83829E-10, 8.69552E-07, -1.57541E-13
0.35, 0, 0.25, -2.53559E-06, 5.30673E-10, 2.53506E-06, -2.7426E-13
0.4, 0, 0.25, -5.04215E-06, 8.69004E-10, 5.04128E-06, -5.38992E-13
0.45, 0, 0.25, -8.22946E-06, 1.30859E-09, 8.22815E-06, -1.12437E-12
0.5, 0, 0.25, -1.18864E-05, 1.86213E-09, 1.18846E-05, -2.3966E-12
0.55, 0, 0.25, -1.58475E-05, 2.54443E-09, 1.58449E-05, -5.1317E-12
0.6, 0, 0.25, -2.00013E-05, 3.37294E-09, 1.9998E-05, -1.09736E-11
0.65, 0, 0.25, -2.42744E-05, 4.36891E-09, 2.42701E-05, -2.33984E-11
0.7, 0, 0.25, -2.86161E-05, 5.55945E-09, 2.86105E-05, -4.97254E-11
0.75, 0, 0.25, -3.29897E-05, 6.98177E-09, 3.29828E-05, -1.05256E-10
0.8, 0, 0.25, -3.73681E-05, 8.69163E-09, 3.73597E-05, -2.21582E-10
0.85, 0, 0.25, -4.17307E-05, 1.07795E-08, 4.17204E-05, -4.62562E-10
0.9, 0, 0.25, -4.60618E-05, 1.33991E-08, 4.60494E-05, -9.52848E-10
0.95, 0, 0.25, -5.03495E-05, 1.68128E-08, 5.03346E-05, -1.92263E-09
1, 0, 0.25, -5.45851E-05, 2.1447E-08, 5.45674E-05, -3.7633E-09
1.05, 0, 0.25, -5.87621E-05, 2.79363E-08, 5.87412E-05, -7.07066E-09
1.1, 0, 0.25, -6.28759E-05, 3.71219E-08, 6.28514E-05, -1.26439E-08
0, 0, 0.3, 2.00828E-06, 2.56375E-10, -2.00854E-06, -1.86733E-13
0.05, 0, 0.3, 1.86895E-06, 2.61987E-10, -1.86921E-06, -1.80061E-13
0.1, 0, 0.3, 1.72817E-06, 2.62071E-10, -1.72843E-06, -1.73788E-13
0.15, 0, 0.3, 1.57214E-06, 2.58279E-10, -1.5724E-06, -1.67942E-13
0.2, 0, 0.3, 1.34161E-06, 2.65378E-10, -1.34188E-06, -1.62509E-13
0.25, 0, 0.3, 8.69552E-07, 2.83829E-10, -8.69836E-07, -1.57541E-13
0.3, 0, 0.3, -1.5514E-10, 3.10442E-10, -1.55149E-10, -1.52971E-13
0.35, 0, 0.3, -1.53226E-06, 5.61058E-10, 1.53169E-06, -2.63557E-13
0.4, 0, 0.3, -3.92518E-06, 9.0266E-10, 3.92428E-06, -5.14963E-13
0.45, 0, 0.3, -7.02583E-06, 1.34612E-09, 7.02448E-06, -1.07189E-12
0.5, 0, 0.3, -1.06261E-05, 1.90392E-09, 1.06242E-05, -2.2837E-12
0.55, 0, 0.3, -1.45546E-05, 2.59058E-09, 1.4552E-05, -4.89097E-12
0.6, 0, 0.3, -1.86924E-05, 3.42325E-09, 1.8689E-05, -1.04627E-11
0.65, 0, 0.3, -2.29598E-05, 4.42283E-09, 2.29554E-05, -2.23173E-11
0.7, 0, 0.3, -2.73018E-05, 5.61595E-09, 2.72963E-05, -4.7445E-11
0.75, 0, 0.3, -3.16792E-05, 7.03908E-09, 3.16722E-05, -1.00469E-10
0.8, 0, 0.3, -3.60629E-05, 8.74653E-09, 3.60543E-05, -2.11612E-10
0.85, 0, 0.3, -4.04313E-05, 1.0826E-08, 4.04209E-05, -4.42073E-10
0.9, 0, 0.3, -4.47683E-05, 1.34266E-08, 4.47557E-05, -9.11648E-10
0.95, 0, 0.3, -4.90616E-05, 1.68023E-08, 4.90466E-05, -1.8425E-09
1, 0, 0.3, -5.33023E-05, 2.13684E-08, 5.32846E-05, -3.61466E-09
1.05, 0, 0.3, -5.74841E-05, 2.77463E-08, 5.74631E-05, -6.81105E-09
1.1, 0, 0.3, -6.16023E-05, 3.67662E-08, 6.15777E-05, -1.22197E-08
0, 0, 0.35, 4.18196E-06, 5.02216E-10, -4.18246E-06, -3.40929E-13
0.05, 0, 0.35, 3.9484E-06, 5.07321E-10, -3.94891E-06, -3.25871E-13
0.1, 0, 0.35, 3.70953E-06, 5.07038E-10, -3.71004E-06, -3.1165E-13
0.15, 0, 0.35, 3.44871E-06, 5.0315E-10, -3.44921E-06, -2.98286E-13
0.2, 0, 0.35, 3.10937E-06, 5.1069E-10, -3.10988E-06, -2.85803E-13
0.25, 0, 0.35, 2.53506E-06, 5.30673E-10, -2.53559E-06, -2.7426E-13
0.3, 0, 0.35, 1.53169E-06, 5.61058E-10, -1.53226E-06, -2.63557E-13
0.35, 0, 0.35, -3.00106E-10, 6.00475E-10, -3.00116E-10, -2.53509E-13
0.4, 0, 0.35, -2.26377E-06, 9.48241E-10, 2.26282E-06, -4.92363E-13
0.45, 0, 0.35, -5.29139E-06, 1.39694E-09, 5.29E-06, -1.02228E-12
0.5, 0, 0.35, -8.86137E-06, 1.96102E-09, 8.85941E-06, -2.17669E-12
0.55, 0, 0.35, -1.2789E-05, 2.65464E-09, 1.27864E-05, -4.66225E-12
0.6, 0, 0.35, -1.69442E-05, 3.49462E-09, 1.69407E-05, -9.9764E-12
0.65, 0, 0.35, -2.12393E-05, 4.50142E-09, 2.12348E-05, -2.12869E-11
0.7, 0, 0.35, -2.5614E-05, 5.70115E-09, 2.56084E-05, -4.52695E-11
0.75, 0, 0.35, -3.00259E-05, 7.12939E-09, 3.00189E-05, -9.58982E-11
0.8, 0, 0.35, -3.4444E-05, 8.83899E-09, 3.44354E-05, -2.02084E-10
0.85, 0, 0.35, -3.88455E-05, 1.0915E-08, 3.8835E-05, -4.22471E-10
0.9, 0, 0.35, -4.32134E-05, 1.35016E-08, 4.32008E-05, -8.7216E-10
0.95, 0, 0.35, -4.75354E-05, 1.6845E-08, 4.75203E-05, -1.7655E-09
1, 0, 0.35, -5.18023E-05, 2.13493E-08, 5.17844E-05, -3.47134E-09
1.05, 0, 0.35, -5.60079E-05, 2.76228E-08, 5.59868E-05, -6.55971E-09
1.1, 0, 0.35, -6.01477E-05, 3.64845E-08, 6.0123E-05, -1.18074E-08
0, 0, 0.4, 7.22956E-06, 8.3957E-10, -7.2304E-06, -6.85139E-13
0.05, 0, 0.4, 6.90275E-06, 8.43956E-10, -6.90359E-06, -6.52485E-13
0.1, 0, 0.4, 6.56426E-06, 8.43161E-10, -6.56511E-06, -6.21527E-13
0.15, 0, 0.4, 6.19386E-06, 8.39141E-10, -6.1947E-06, -5.92235E-13
0.2, 0, 0.4, 5.73382E-06, 8.47245E-10, -5.73467E-06, -5.64708E-13
0.25, 0, 0.4, 5.04128E-06, 8.69004E-10, -5.04215E-06, -5.38992E-13
0.3, 0, 0.4, 3.92428E-06, 9.0266E-10, -3.92518E-06, -5.14963E-13
0.35, 0, 0.4, 2.26282E-06, 9.48241E-10, -2.26377E-06, -4.92363E-13
0.4, 0, 0.4, -5.01564E-10, 1.00361E-09, -5.01573E-10, -4.71002E-13
0.45, 0, 0.4, -2.96348E-06, 1.46138E-09, 2.96202E-06, -9.75296E-13
0.5, 0, 0.4, -6.52795E-06, 2.03276E-09, 6.52592E-06, -2.07503E-12
0.55, 0, 0.4, -1.04858E-05, 2.73518E-09, 1.04831E-05, -4.44459E-12
0.6, 0, 0.4, -1.46912E-05, 3.58497E-09, 1.46877E-05, -9.51311E-12
0.65, 0, 0.4, -1.90465E-05, 4.60226E-09, 1.90419E-05, -2.03045E-11
0.7, 0, 0.4, -2.34854E-05, 5.8126E-09, 2.34797E-05, -4.31939E-11
0.75, 0, 0.4, -2.7962E-05, 7.25074E-09, 2.79548E-05, -9.15345E-11
0.8, 0, 0.4, -3.24432E-05, 8.96802E-09, 3.24344E-05, -1.92981E-10
0.85, 0, 0.4, -3.6905E-05, 1.10468E-08, 3.68944E-05, -4.03719E-10
0.9, 0, 0.4, -4.133E-05, 1.36265E-08, 4.13172E-05, -8.34318E-10
0.95, 0, 0.4, -4.57053E-05, 1.69456E-08, 4.569E-05, -1.69152E-09
1, 0, 0.4, -5.00218E-05, 2.13969E-08, 5.00037E-05, -3.33318E-09
1.05, 0, 0.4, -5.42731E-05, 2.75757E-08, 5.42518E-05, -6.31645E-09
1.1, 0, 0.4, -5.8455E-05, 3.62895E-08, 5.84301E-05, -1.14066E-08
0, 0, 0.45, 1.09007E-05, 1.27814E-09, -1.09019E-05, -1.43754E-12
0.05, 0, 0.45, 1.04912E-05, 1.28163E-09, -1.04924E-05, -1.3681E-12
0.1, 0, 0.45, 1.00633E-05, 1.28021E-09, -1.00646E-05, -1.3021E-12
0.15, 0, 0.45, 9.59405E-06, 1.27603E-09, -9.59533E-06, -1.23945E-12
0.2, 0, 0.45, 9.02548E-06, 1.28481E-09, -9.02676E-06, -1.18019E-12
0.25, 0, 0.45, 8.22815E-06, 1.30859E-09, -8.22946E-06, -1.12437E-12
0.3, 0, 0.45, 7.02448E-06, 1.34612E-09, -7.02583E-06, -1.07189E-12
0.35, 0, 0.45, 5.29E-06, 1.39694E-09, -5.29139E-06, -1.02228E-12
0.4, 0, 0.45, 2.96202E-06, 1.46138E-09, -2.96348E-06, -9.75296E-13
0.45, 0, 0.45, -7.67703E-10, 1.53635E-09, -7.67712E-10, -9.30644E-13
0.5, 0, 0.45, -3.58595E-06, 2.12025E-09, 3.58384E-06, -1.97832E-12
0.55, 0, 0.45, -7.60709E-06, 2.83214E-09, 7.60427E-06, -4.2373E-12
0.6, 0, 0.45, -1.18972E-05, 3.69333E-09, 1.18935E-05, -9.07153E-12
0.65, 0, 0.45, -1.63461E-05, 4.72334E-09, 1.63414E-05, -1.93675E-11
0.7, 0, 0.45, -2.08809E-05, 5.9473E-09, 2.0875E-05, -4.12133E-11
0.75, 0, 0.45, -2.54517E-05, 7.39918E-09, 2.54444E-05, -8.7368E-11
0.8, 0, 0.45, -3.00236E-05, 9.12897E-09, 3.00147E-05, -1.84282E-10
0.85, 0, 0.45, -3.45717E-05, 1.12165E-08, 3.45609E-05, -3.8578E-10
0.9, 0, 0.45, -3.9078E-05, 1.37965E-08, 3.9065E-05, -7.98057E-10
0.95, 0, 0.45, -4.35296E-05, 1.70999E-08, 4.35141E-05, -1.62046E-09
1, 0, 0.45, -4.79175E-05, 2.15084E-08, 4.78992E-05, -3.20002E-09
1.05, 0, 0.45, -5.22355E-05, 2.76042E-08, 5.2214E-05, -6.08106E-09
1.1, 0, 0.45, -5.64795E-05, 3.61829E-08, 5.64543E-05, -1.10171E-08
0, 0, 0.5, 1.49618E-05, 1.83111E-09, -1.49637E-05, -3.0607E-12
0.05, 0, 0.5, 1.44806E-05, 1.83347E-09, -1.44825E-05, -2.9142E-12
0.1, 0, 0.5, 1.39755E-05, 1.83125E-09, -1.39773E-05, -2.7747E-12
0.15, 0, 0.5, 1.34217E-05, 1.82683E-09, -1.34235E-05, -2.64198E-12
0.2, 0, 0.5, 1.27634E-05, 1.83624E-09, -1.27652E-05, -2.51595E-12
0.25, 0, 0.5, 1.18846E-05, 1.86213E-09, -1.18864E-05, -2.3966E-12
0.3, 0, 0.5, 1.06242E-05, 1.90392E-09, -1.06261E-05, -2.2837E-12
0.35, 0, 0.5, 8.85941E-06, 1.96102E-09, -8.86137E-06, -2.17669E-12
0.4, 0, 0.5, 6.52592E-06, 2.03276E-09, -6.52795E-06, -2.07503E-12
0.45, 0, 0.5, 3.58384E-06, 2.12025E-09, -3.58595E-06, -1.97832E-12
0.5, 0, 0.5, -1.10856E-09, 2.21902E-09, -1.10857E-09, -1.88628E-12
0.55, 0, 0.5, -4.12224E-06, 2.94745E-09, 4.1193E-06, -4.0398E-12
0.6, 0, 0.5, -8.53474E-06, 3.82039E-09, 8.53093E-06, -8.65048E-12
0.65, 0, 0.5, -1.31137E-05, 4.86451E-09, 1.31088E-05, -1.84738E-11
0.7, 0, 0.5, -1.77781E-05, 6.10409E-09, 1.7772E-05, -3.93231E-11
0.75, 0, 0.5, -2.24743E-05, 7.57244E-09, 2.24668E-05, -8.33895E-11
0.8, 0, 0.5, -2.71654E-05, 9.3183E-09, 2.71562E-05, -1.7597E-10
0.85, 0, 0.5, -3.18257E-05, 1.14191E-08, 3.18147E-05, -3.68621E-10
0.9, 0, 0.5, -3.64374E-05, 1.40054E-08, 3.64241E-05, -7.63315E-10
0.95, 0, 0.5, -4.09875E-05, 1.73006E-08, 4.09718E-05, -1.55222E-09
1, 0, 0.5, -4.54675E-05, 2.16756E-08, 4.54489E-05, -3.07172E-09
1.05, 0, 0.5, -4.98715E-05, 2.76998E-08, 4.98497E-05, -5.85334E-09
1.1, 0, 0.5, -5.41959E-05, 3.61563E-08, 5.41704E-05, -1.06388E-08
0, 0, 0.55, 1.92564E-05, 2.51401E-09, -1.92589E-05, -6.53504E-12
0.05, 0, 0.55, 1.87124E-05, 2.51493E-09, -1.8715E-05, -6.22645E-12
0.1, 0, 0.55, 1.81403E-05, 2.51164E-09, -1.81428E-05, -5.93226E-12
0.15, 0, 0.55, 1.75151E-05, 2.50672E-09, -1.75176E-05, -5.65199E-12
0.2, 0, 0.55, 1.67843E-05, 2.51657E-09, -1.67868E-05, -5.38522E-12
0.25, 0, 0.55, 1.58449E-05, 2.54443E-09, -1.58475E-05, -5.1317E-12
0.3, 0, 0.55, 1.4552E-05, 2.59058E-09, -1.45546E-05, -4.89097E-12
0.35, 0, 0.55, 1.27864E-05, 2.65464E-09, -1.2789E-05, -4.66225E-12
0.4, 0, 0.55, 1.04831E-05, 2.73518E-09, -1.04858E-05, -4.44459E-12
0.45, 0, 0.55, 7.60427E-06, 2.83214E-09, -7.60709E-06, -4.2373E-12
0.5, 0, 0.55, 4.1193E-06, 2.94745E-09, -4.12224E-06, -4.0398E-12
0.55, 0, 0.55, -1.53546E-09, 3.07478E-09, -1.53547E-09, -3.85156E-12
0.6, 0, 0.55, -4.57838E-06, 3.96891E-09, 4.57442E-06, -8.24898E-12
0.65, 0, 0.55, -9.32711E-06, 5.02717E-09, 9.3221E-06, -1.76211E-11
0.7, 0, 0.55, -1.4158E-05, 6.28361E-09, 1.41517E-05, -3.75191E-11
0.75, 0, 0.55, -1.9013E-05, 7.77031E-09, 1.90053E-05, -7.95906E-11
0.8, 0, 0.55, -2.38537E-05, 9.5348E-09, 2.38443E-05, -1.68027E-10
0.85, 0, 0.55, -2.86539E-05, 1.16523E-08, 2.86426E-05, -3.52208E-10
0.9, 0, 0.55, -3.33959E-05, 1.42493E-08, 3.33823E-05, -7.30032E-10
0.95, 0, 0.55, -3.80673E-05, 1.75423E-08, 3.80513E-05, -1.48668E-09
1, 0, 0.55, -4.26602E-05, 2.18915E-08, 4.26413E-05, -2.94813E-09
1.05, 0, 0.55, -4.71694E-05, 2.78536E-08, 4.71472E-05, -5.63311E-09
1.1, 0, 0.55, -5.1592E-05, 3.61995E-08, 5.15661E-05, -1.02713E-08
0, 0, 0.6, 2.36881E-05, 3.34524E-09, -2.36914E-05, -1.39361E-11
0.05, 0, 0.6, 2.30885E-05, 3.34422E-09, -2.30918E-05, -1.32859E-11
0.1, 0, 0.6, 2.24579E-05, 3.33941E-09, -2.24612E-05, -1.26656E-11
0.15, 0, 0.6, 2.17719E-05, 3.3336E-09, -2.17753E-05, -1.20742E-11
0.2, 0, 0.6, 2.09823E-05, 3.3435E-09, -2.09856E-05, -1.15104E-11
0.25, 0, 0.6, 1.9998E-05, 3.37294E-09, -2.00013E-05, -1.09736E-11
0.3, 0, 0.6, 1.8689E-05, 3.42325E-09, -1.86924E-05, -1.04627E-11
0.35, 0, 0.6, 1.69407E-05, 3.49462E-09, -1.69442E-05, -9.9764E-12
0.4, 0, 0.6, 1.46877E-05, 3.58497E-09, -1.46912E-05, -9.51311E-12
0.45, 0, 0.6, 1.18935E-05, 3.69333E-09, -1.18972E-05, -9.07153E-12
0.5, 0, 0.6, 8.53093E-06, 3.82039E-09, -8.53474E-06, -8.65048E-12
0.55, 0, 0.6, 4.57442E-06, 3.96891E-09, -4.57838E-06, -8.24898E-12
0.6, 0, 0.6, -2.06113E-09, 4.13014E-09, -2.06114E-09, -7.86608E-12
0.65, 0, 0.6, -4.96439E-06, 5.21492E-09, 4.95919E-06, -1.68076E-11
0.7, 0, 0.6, -1.00017E-05, 6.48793E-09, 9.9953E-06, -3.57972E-11
0.75, 0, 0.6, -1.50519E-05, 7.99413E-09, 1.5044E-05, -7.59632E-11
0.8, 0, 0.6, -2.00749E-05, 9.77911E-09, 2.00652E-05, -1.60439E-10
0.85, 0, 0.6, -2.50444E-05, 1.19159E-08, 2.50328E-05, -3.3651E-10
0.9, 0, 0.6, -2.99432E-05, 1.45271E-08, 2.99293E-05, -6.9815E-10
0.95, 0, 0.6, -3.47599E-05, 1.78224E-08, 3.47435E-05, -1.42377E-09
1, 0, 0.6, -3.94874E-05, 2.21521E-08, 3.94681E-05, -2.8291E-09
1.05, 0, 0.6, -4.41216E-05, 2.80598E-08, 4.4099E-05, -5.42017E-09
1.1, 0, 0.6, -4.86604E-05, 3.63047E-08, 4.8634E-05, -9.91453E-09
0, 0, 0.65, 2.81959E-05, 4.34731E-09, -2.82002E-05, -2.96464E-11
0.05, 0, 0.65, 2.75467E-05, 4.34361E-09, -2.7551E-05, -2.82767E-11
0.1, 0, 0.65, 2.68647E-05, 4.33658E-09, -2.6869E-05, -2.69695E-11
0.15, 0, 0.65, 2.61266E-05, 4.32921E-09, -2.61309E-05, -2.57223E-11
0.2, 0, 0.65, 2.52884E-05, 4.33853E-09, -2.52927E-05, -2.45327E-11
0.25, 0, 0.65, 2.42701E-05, 4.36891E-09, -2.42744E-05, -2.33984E-11
0.3, 0, 0.65, 2.29554E-05, 4.42283E-09, -2.29598E-05, -2.23173E-11
0.35, 0, 0.65, 2.12348E-05, 4.50142E-09, -2.12393E-05, -2.12869E-11
0.4, 0, 0.65, 1.90419E-05, 4.60226E-09, -1.90465E-05, -2.03045E-11
0.45, 0, 0.65, 1.63414E-05, 4.72334E-09, -1.63461E-05, -1.93675E-11
0.5, 0, 0.65, 1.31088E-05, 4.86451E-09, -1.31137E-05, -1.84738E-11
0.55, 0, 0.65, 9.3221E-06, 5.02717E-09, -9.32711E-06, -1.76211E-11
0.6, 0, 0.65, 4.95919E-06, 5.21492E-09, -4.96439E-06, -1.68076E-11
0.65, 0, 0.65, -2.69998E-09, 5.41601E-09, -2.69999E-09, -1.60314E-11
0.7, 0, 0.65, -5.29023E-06, 6.72155E-09, 5.28355E-06, -3.41539E-11
0.75, 0, 0.65, -1.05747E-05, 8.24659E-09, 1.05666E-05, -7.24996E-11
0.8, 0, 0.65, -1.58151E-05, 1.00532E-08, 1.58052E-05, -1.53188E-10
0.85, 0, 0.65, -2.09853E-05, 1.22113E-08, 2.09734E-05, -3.21497E-10
0.9, 0, 0.65, -2.60692E-05, 1.48395E-08, 2.6055E-05, -6.67614E-10
0.95, 0, 0.65, -3.10565E-05, 1.8141E-08, 3.10397E-05, -1.36337E-09
1, 0, 0.65, -3.59416E-05, 2.24561E-08, 3.59219E-05, -2.71448E-09
1.05, 0, 0.65, -4.07215E-05, 2.83163E-08, 4.06984E-05, -5.21433E-09
1.1, 0, 0.65, -4.53953E-05, 3.64681E-08, 4.53684E-05, -9.56818E-09
0, 0, 0.7, 3.27386E-05, 5.54953E-09, -3.27441E-05, -6.28739E-11
0.05, 0, 0.7, 3.2045E-05, 5.54193E-09, -3.20505E-05, -5.99942E-11
0.1, 0, 0.7, 3.13174E-05, 5.53152E-09, -3.13229E-05, -5.7245E-11
0.15, 0, 0.7, 3.05342E-05, 5.52149E-09, -3.05396E-05, -5.46206E-11
0.2, 0, 0.7, 2.96553E-05, 5.52917E-09, -2.96608E-05, -5.21157E-11
0.25, 0, 0.7, 2.86105E-05, 5.55945E-09, -2.86161E-05, -4.97254E-11
0.3, 0, 0.7, 2.72963E-05, 5.61595E-09, -2.73018E-05, -4.7445E-11
0.35, 0, 0.7, 2.56084E-05, 5.70115E-09, -2.5614E-05, -4.52695E-11
0.4, 0, 0.7, 2.34797E-05, 5.8126E-09, -2.34854E-05, -4.31939E-11
0.45, 0, 0.7, 2.0875E-05, 5.9473E-09, -2.08809E-05, -4.12133E-11
0.5, 0, 0.7, 1.7772E-05, 6.10409E-09, -1.77781E-05, -3.93231E-11
0.55, 0, 0.7, 1.41517E-05, 6.28361E-09, -1.4158E-05, -3.75191E-11
0.6, 0, 0.7, 9.9953E-06, 6.48793E-09, -1.00017E-05, -3.57972E-11
0.65, 0, 0.7, 5.28355E-06, 6.72155E-09, -5.29023E-06, -3.41539E-11
0.7, 0, 0.7, -3.46823E-09, 6.96907E-09, -3.46824E-09, -3.25855E-11
0.75, 0, 0.7, -5.56472E-06, 8.53325E-09, 5.55625E-06, -6.91925E-11
0.8, 0, 0.7, -1.10601E-05, 1.03605E-08, 1.10499E-05, -1.4626E-10
0.85, 0, 0.7, -1.64647E-05, 1.2541E-08, 1.64524E-05, -3.0714E-10
0.9, 0, 0.7, -2.17635E-05, 1.51884E-08, 2.1749E-05, -6.3837E-10
0.95, 0, 0.7, -2.69484E-05, 1.84994E-08, 2.69312E-05, -1.30541E-09
1, 0, 0.7, -3.20151E-05, 2.28046E-08, 3.19949E-05, -2.60413E-09
1.05, 0, 0.7, -3.69625E-05, 2.86228E-08, 3.69389E-05, -5.01541E-09
1.1, 0, 0.7, -4.17911E-05, 3.66886E-08, 4.17636E-05, -9.23206E-09
0, 0, 0.75, 3.72866E-05, 6.99327E-09, -3.72935E-05, -1.32799E-10
0.05, 0, 0.75, 3.65529E-05, 6.97964E-09, -3.65598E-05, -1.26773E-10
0.1, 0, 0.75, 3.57849E-05, 6.96382E-09, -3.57917E-05, -1.21018E-10
0.15, 0, 0.75, 3.49622E-05, 6.94921E-09, -3.4969E-05, -1.1552E-10
0.2, 0, 0.75, 3.40488E-05, 6.95339E-09, -3.40557E-05, -1.1027E-10
0.25, 0, 0.75, 3.29828E-05, 6.98177E-09, -3.29897E-05, -1.05256E-10
0.3, 0, 0.75, 3.16722E-05, 7.03908E-09, -3.16792E-05, -1.00469E-10
0.35, 0, 0.75, 3.00189E-05, 7.12939E-09, -3.00259E-05, -9.58982E-11
0.4, 0, 0.75, 2.79548E-05, 7.25074E-09, -2.7962E-05, -9.15345E-11
0.45, 0, 0.75, 2.54444E-05, 7.39918E-09, -2.54517E-05, -8.7368E-11
0.5, 0, 0.75, 2.24668E-05, 7.57244E-09, -2.24743E-05, -8.33895E-11
0.55, 0, 0.75, 1.90053E-05, 7.77031E-09, -1.9013E-05, -7.95906E-11
0.6, 0, 0.75, 1.5044E-05, 7.99413E-09, -1.50519E-05, -7.59632E-11
0.65, 0, 0.75, 1.05666E-05, 8.24659E-09, -1.05747E-05, -7.24996E-11
0.7, 0, 0.75, 5.55625E-06, 8.53325E-09, -5.56472E-06, -6.91925E-11
0.75, 0, 0.75, -4.38412E-09, 8.83428E-09, -4.38413E-09, -6.60348E-11
0.8, 0, 0.75, -5.79534E-06, 1.07076E-08, 5.78478E-06, -1.39642E-10
0.85, 0, 0.75, -1.147E-05, 1.29092E-08, 1.14574E-05, -2.93411E-10
0.9, 0, 0.75, -1.70158E-05, 1.55773E-08, 1.70008E-05, -6.10367E-10
0.95, 0, 0.75, -2.24265E-05, 1.89004E-08, 2.24088E-05, -1.24978E-09
1, 0, 0.75, -2.77003E-05, 2.31995E-08, 2.76796E-05, -2.49792E-09
1.05, 0, 0.75, -3.28379E-05, 2.8981E-08, 3.28137E-05, -4.82322E-09
1.1, 0, 0.75, -3.78418E-05, 3.69673E-08, 3.78137E-05, -8.90594E-09
0, 0, 0.8, 4.18176E-05, 8.74231E-09, -4.1826E-05, -2.78788E-10
0.05, 0, 0.8, 4.10477E-05, 8.71877E-09, -4.10561E-05, -2.66294E-10
0.1, 0, 0.8, 4.02435E-05, 8.69384E-09, -4.0252E-05, -2.54349E-10
0.15, 0, 0.8, 3.93861E-05, 8.6711E-09, -3.93945E-05, -2.4293E-10
0.2, 0, 0.8, 3.8443E-05, 8.66841E-09, -3.84515E-05, -2.32014E-10
0.25, 0, 0.8, 3.73597E-05, 8.69163E-09, -3.73681E-05, -2.21582E-10
0.3, 0, 0.8, 3.60543E-05, 8.74653E-09, -3.60629E-05, -2.11612E-10
0.35, 0, 0.8, 3.44354E-05, 8.83899E-09, -3.4444E-05, -2.02084E-10
0.4, 0, 0.8, 3.24344E-05, 8.96802E-09, -3.24432E-05, -1.92981E-10
0.45, 0, 0.8, 3.00147E-05, 9.12897E-09, -3.00236E-05, -1.84282E-10
0.5, 0, 0.8, 2.71562E-05, 9.3183E-09, -2.71654E-05, -1.7597E-10
0.55, 0, 0.8, 2.38443E-05, 9.5348E-09, -2.38537E-05, -1.68027E-10
0.6, 0, 0.8, 2.00652E-05, 9.77911E-09, -2.00749E-05, -1.60439E-10
0.65, 0, 0.8, 1.58052E-05, 1.00532E-08, -1.58151E-05, -1.53188E-10
0.7, 0, 0.8, 1.10499E-05, 1.03605E-08, -1.10601E-05, -1.4626E-10
0.75, 0, 0.8, 5.78478E-06, 1.07076E-08, -5.79534E-06, -1.39642E-10
0.8, 0, 0.8, -5.46806E-09, 1.10694E-08, -5.46807E-09, -1.3332E-10
0.85, 0, 0.8, -5.98848E-06, 1.33238E-08, 5.97544E-06, -2.80285E-10
0.9, 0, 0.8, -1.18148E-05, 1.60107E-08, 1.17994E-05, -5.83554E-10
0.95, 0, 0.8, -1.74814E-05, 1.93479E-08, 1.74633E-05, -1.19641E-09
1, 0, 0.8, -2.2989E-05, 2.36443E-08, 2.29677E-05, -2.39572E-09
1.05, 0, 0.8, -2.83408E-05, 2.9394E-08, 2.8316E-05, -4.63758E-09
1.1, 0, 0.8, -3.35415E-05, 3.73066E-08, 3.35128E-05, -8.58961E-09
0, 0, 0.85, 4.63145E-05, 1.09023E-08, -4.63248E-05, -5.79667E-10
0.05, 0, 0.85, 4.55119E-05, 1.08617E-08, -4.55222E-05, -5.54152E-10
0.1, 0, 0.85, 4.46754E-05, 1.08208E-08, -4.46857E-05, -5.29728E-10
0.15, 0, 0.85, 4.37873E-05, 1.07833E-08, -4.37975E-05, -5.06349E-10
0.2, 0, 0.85, 4.28184E-05, 1.07675E-08, -4.28287E-05, -4.83974E-10
0.25, 0, 0.85, 4.17204E-05, 1.07795E-08, -4.17307E-05, -4.62562E-10
0.3, 0, 0.85, 4.04209E-05, 1.0826E-08, -4.04313E-05, -4.42073E-10
0.35, 0, 0.85, 3.8835E-05, 1.0915E-08, -3.88455E-05, -4.22471E-10
0.4, 0, 0.85, 3.68944E-05, 1.10468E-08, -3.6905E-05, -4.03719E-10
0.45, 0, 0.85, 3.45609E-05, 1.12165E-08, -3.45717E-05, -3.8578E-10
0.5, 0, 0.85, 3.18147E-05, 1.14191E-08, -3.18257E-05, -3.68621E-10
0.55, 0, 0.85, 2.86426E-05, 1.16523E-08, -2.86539E-05, -3.52208E-10
0.6, 0, 0.85, 2.50328E-05, 1.19159E-08, -2.50444E-05, -3.3651E-10
0.65, 0, 0.85, 2.09734E-05, 1.22113E-08, -2.09853E-05, -3.21497E-10
0.7, 0, 0.85, 1.64524E-05, 1.2541E-08, -1.64647E-05, -3.0714E-10
0.75, 0, 0.85, 1.14574E-05, 1.29092E-08, -1.147E-05, -2.93411E-10
0.8, 0, 0.85, 5.97544E-06, 1.33238E-08, -5.98848E-06, -2.80285E-10
0.85, 0, 0.85, -6.74287E-09, 1.37535E-08, -6.74288E-09, -2.67734E-10
0.9, 0, 0.85, -6.14955E-06, 1.64983E-08, 6.13361E-06, -5.57883E-10
0.95, 0, 0.85, -1.21036E-05, 1.98474E-08, 1.20849E-05, -1.14521E-09
1, 0, 0.85, -1.78731E-05, 2.41436E-08, 1.78512E-05, -2.29739E-09
1.05, 0, 0.85, -2.34641E-05, 2.98655E-08, 2.34387E-05, -4.45831E-09
1.1, 0, 0.85, -2.88842E-05, 3.77101E-08, 2.88548E-05, -8.28286E-09
0, 0, 0.9, 5.07645E-05, 1.36544E-08, -5.0777E-05, -1.18699E-09
0.05, 0, 0.9, 4.99323E-05, 1.35837E-08, -4.99448E-05, -1.13616E-09
0.1, 0, 0.9, 4.90667E-05, 1.35143E-08, -4.90791E-05, -1.08741E-09
0.15, 0, 0.9, 4.81513E-05, 1.34501E-08, -4.81637E-05, -1.04066E-09
0.2, 0, 0.9, 4.71598E-05, 1.34095E-08, -4.71722E-05, -9.95828E-10
0.25, 0, 0.9, 4.60494E-05, 1.33991E-08, -4.60618E-05, -9.52848E-10
0.3, 0, 0.9, 4.47557E-05, 1.34266E-08, -4.47683E-05, -9.11648E-10
0.35, 0, 0.9, 4.32008E-05, 1.35016E-08, -4.32134E-05, -8.7216E-10
0.4, 0, 0.9, 4.13172E-05, 1.36265E-08, -4.133E-05, -8.34318E-10
0.45, 0, 0.9, 3.9065E-05, 1.37965E-08, -3.9078E-05, -7.98057E-10
0.5, 0, 0.9, 3.64241E-05, 1.40054E-08, -3.64374E-05, -7.63315E-10
0.55, 0, 0.9, 3.33823E-05, 1.42493E-08, -3.33959E-05, -7.30032E-10
0.6, 0, 0.9, 2.99293E-05, 1.45271E-08, -2.99432E-05, -6.9815E-10
0.65, 0, 0.9, 2.6055E-05, 1.48395E-08, -2.60692E-05, -6.67614E-10
0.7, 0, 0.9, 2.1749E-05, 1.51884E-08, -2.17635E-05, -6.3837E-10
0.75, 0, 0.9, 1.70008E-05, 1.55773E-08, -1.70158E-05, -6.10367E-10
0.8, 0, 0.9, 1.17994E-05, 1.60107E-08, -1.18148E-05, -5.83554E-10
0.85, 0, 0.9, 6.13361E-06, 1.64983E-08, -6.14955E-06, -5.57883E-10
0.9, 0, 0.9, -8.234E-09, 1.70013E-08, -8.23401E-09, -5.33309E-10
0.95, 0, 0.9, -6.28318E-06, 2.04101E-08, 6.26387E-06, -1.0961E-09
1, 0, 0.9, -1.23441E-05, 2.47036E-08, 1.23216E-05, -2.20281E-09
1.05, 0, 0.9, -1.82007E-05, 3.0401E-08, 1.81746E-05, -4.28523E-09
1.1, 0, 0.9, -2.38635E-05, 3.81825E-08, 2.38333E-05, -7.98547E-09
0, 0, 0.95, 5.5158E-05, 1.73043E-08, -5.51729E-05, -2.37428E-09
0.05, 0, 0.95, 5.42989E-05, 1.71814E-08, -5.43138E-05, -2.27675E-09
0.1, 0, 0.95, 5.3407E-05, 1.7062E-08, -5.34219E-05, -2.18295E-09
0.15, 0, 0.95, 5.24673E-05, 1.69504E-08, -5.24821E-05, -2.09274E-09
0.2, 0, 0.95, 5.14559E-05, 1.68649E-08, -5.14707E-05, -2.006E-09
0.25, 0, 0.95, 5.03346E-05, 1.68128E-08, -5.03495E-05, -1.92263E-09
0.3, 0, 0.95, 4.90466E-05, 1.68023E-08, -4.90616E-05, -1.8425E-09
0.35, 0, 0.95, 4.75203E-05, 1.6845E-08, -4.75354E-05, -1.7655E-09
0.4, 0, 0.95, 4.569E-05, 1.69456E-08, -4.57053E-05, -1.69152E-09
0.45, 0, 0.95, 4.35141E-05, 1.70999E-08, -4.35296E-05, -1.62046E-09
0.5, 0, 0.95, 4.09718E-05, 1.73006E-08, -4.09875E-05, -1.55222E-09
0.55, 0, 0.95, 3.80513E-05, 1.75423E-08, -3.80673E-05, -1.48668E-09
0.6, 0, 0.95, 3.47435E-05, 1.78224E-08, -3.47599E-05, -1.42377E-09
0.65, 0, 0.95, 3.10397E-05, 1.8141E-08, -3.10565E-05, -1.36337E-09
0.7, 0, 0.95, 2.69312E-05, 1.84994E-08, -2.69484E-05, -1.30541E-09
0.75, 0, 0.95, 2.24088E-05, 1.89004E-08, -2.24265E-05, -1.24978E-09
0.8, 0, 0.95, 1.74633E-05, 1.93479E-08, -1.74814E-05, -1.19641E-09
0.85, 0, 0.95, 1.20849E-05, 1.98474E-08, -1.21036E-05, -1.14521E-09
0.9, 0, 0.95, 6.26387E-06, 2.04101E-08, -6.28318E-06, -1.0961E-09
0.95, 0, 0.95, -9.96983E-09, 2.09887E-08, -9.96984E-09, -1.049E-09
1, 0, 0.95, -6.39334E-06, 2.53376E-08, 6.37012E-06, -2.11185E-09
1.05, 0, 0.95, -1.2543E-05, 3.10078E-08, 1.25161E-05, -4.11818E-09
1.1, 0, 0.95, -1.8473E-05, 3.87298E-08, 1.84419E-05, -7.69723E-09
0, 0, 1, 5.94877E-05, 2.23382E-08, -5.95054E-05, -4.59205E-09
0.05, 0, 1, 5.86042E-05, 2.21287E-08, -5.86219E-05, -4.41433E-09
0.1, 0, 1, 5.76886E-05, 2.19259E-08, -5.77063E-05, -4.24277E-09
0.15, 0, 1, 5.67271E-05, 2.17341E-08, -5.67448E-05, -4.07719E-09
0.2, 0, 1, 5.5698E-05, 2.1572E-08, -5.57157E-05, -3.91743E-09
0.25, 0, 1, 5.45674E-05, 2.1447E-08, -5.45851E-05, -3.7633E-09
0.3, 0, 1, 5.32846E-05, 2.13684E-08, -5.33023E-05, -3.61466E-09
0.35, 0, 1, 5.17844E-05, 2.13493E-08, -5.18023E-05, -3.47134E-09
0.4, 0, 1, 5.00037E-05, 2.13969E-08, -5.00218E-05, -3.33318E-09
0.45, 0, 1, 4.78992E-05, 2.15084E-08, -4.79175E-05, -3.20002E-09
0.5, 0, 1, 4.54489E-05, 2.16756E-08, -4.54675E-05, -3.07173E-09
0.55, 0, 1, 4.26413E-05, 2.18915E-08, -4.26602E-05, -2.94813E-09
0.6, 0, 1, 3.94681E-05, 2.21521E-08, -3.94874E-05, -2.8291E-09
0.65, 0, 1, 3.59219E-05, 2.24561E-08, -3.59416E-05, -2.71448E-09
0.7, 0, 1, 3.19949E-05, 2.28046E-08, -3.20151E-05, -2.60413E-09
0.75, 0, 1, 2.76796E-05, 2.31995E-08, -2.77003E-05, -2.49792E-09
0.8, 0, 1, 2.29677E-05, 2.36443E-08, -2.2989E-05, -2.39572E-09
0.85, 0, 1, 1.78512E-05, 2.41436E-08, -1.78731E-05, -2.29739E-09
0.9, 0, 1, 1.23216E-05, 2.47036E-08, -1.23441E-05, -2.20281E-09
0.95, 0, 1, 6.37012E-06, 2.53376E-08, -6.39334E-06, -2.11185E-09
1, 0, 1, -1.19819E-08, 2.59882E-08, -1.19819E-08, -2.02439E-09
1.05, 0, 1, -6.48346E-06, 3.17011E-08, 6.45572E-06, -3.95698E-09
1.1, 0, 1, -1.27062E-05, 3.93606E-08, 1.26743E-05, -7.41793E-09
0, 0, 1.05, 6.37485E-05, 2.94546E-08, -6.37695E-05, -8.49991E-09
0.05, 0, 1.05, 6.28428E-05, 2.91114E-08, -6.28637E-05, -8.19588E-09
0.1, 0, 1.05, 6.19058E-05, 2.87789E-08, -6.19267E-05, -7.90114E-09
0.15, 0, 1.05, 6.09248E-05, 2.84614E-08, -6.09456E-05, -7.6155E-09
0.2, 0, 1.05, 5.98801E-05, 2.81779E-08, -5.99009E-05, -7.33874E-09
0.25, 0, 1.05, 5.87412E-05, 2.79363E-08, -5.87621E-05, -7.07066E-09
0.3, 0, 1.05, 5.74631E-05, 2.77463E-08, -5.74841E-05, -6.81105E-09
0.35, 0, 1.05, 5.59868E-05, 2.76228E-08, -5.60079E-05, -6.55972E-09
0.4, 0, 1.05, 5.42518E-05, 2.75757E-08, -5.42731E-05, -6.31645E-09
0.45, 0, 1.05, 5.2214E-05, 2.76042E-08, -5.22355E-05, -6.08106E-09
0.5, 0, 1.05, 4.98497E-05, 2.76998E-08, -4.98715E-05, -5.85335E-09
0.55, 0, 1.05, 4.71472E-05, 2.78536E-08, -4.71694E-05, -5.63311E-09
0.6, 0, 1.05, 4.4099E-05, 2.80598E-08, -4.41216E-05, -5.42017E-09
0.65, 0, 1.05, 4.06984E-05, 2.83163E-08, -4.07215E-05, -5.21434E-09
0.7, 0, 1.05, 3.69389E-05, 2.86228E-08, -3.69625E-05, -5.01541E-09
0.75, 0, 1.05, 3.28137E-05, 2.8981E-08, -3.28379E-05, -4.82322E-09
0.8, 0, 1.05, 2.8316E-05, 2.9394E-08, -2.83408E-05, -4.63758E-09
0.85, 0, 1.05, 2.34387E-05, 2.98655E-08, -2.34641E-05, -4.45831E-09
0.9, 0, 1.05, 1.81746E-05, 3.0401E-08, -1.82007E-05, -4.28524E-09
0.95, 0, 1.05, 1.25161E-05, 3.10078E-08, -1.2543E-05, -4.11819E-09
1, 0, 1.05, 6.45572E-06, 3.17011E-08, -6.48346E-06, -3.95699E-09
1.05, 0, 1.05, -1.43053E-08, 3.2412E-08, -1.43053E-08, -3.80147E-09
1.1, 0, 1.05, -6.5565E-06, 4.00925E-08, 6.52355E-06, -7.14737E-09
0, 0, 1.1, 6.7937E-05, 3.9548E-08, -6.79616E-05, -1.49496E-08
0.05, 0, 1.1, 6.7011E-05, 3.9014E-08, -6.70356E-05, -1.44631E-08
0.1, 0, 1.1, 6.60547E-05, 3.84949E-08, -6.60792E-05, -1.39894E-08
0.15, 0, 1.1, 6.50562E-05, 3.79956E-08, -6.50806E-05, -1.35285E-08
0.2, 0, 1.1, 6.39975E-05, 3.75352E-08, -6.40219E-05, -1.30801E-08
0.25, 0, 1.1, 6.28514E-05, 3.71219E-08, -6.28759E-05, -1.26439E-08
0.3, 0, 1.1, 6.15777E-05, 3.67662E-08, -6.16023E-05, -1.22197E-08
0.35, 0, 1.1, 6.0123E-05, 3.64845E-08, -6.01477E-05, -1.18074E-08
0.4, 0, 1.1, 5.84301E-05, 3.62895E-08, -5.8455E-05, -1.14066E-08
0.45, 0, 1.1, 5.64543E-05, 3.61829E-08, -5.64795E-05, -1.10171E-08
0.5, 0, 1.1, 5.41704E-05, 3.61563E-08, -5.41959E-05, -1.06388E-08
0.55, 0, 1.1, 5.15661E-05, 3.61995E-08, -5.1592E-05, -1.02713E-08
0.6, 0, 1.1, 4.8634E-05, 3.63047E-08, -4.86604E-05, -9.91454E-09
0.65, 0, 1.1, 4.53684E-05, 3.64681E-08, -4.53953E-05, -9.56819E-09
0.7, 0, 1.1, 4.17636E-05, 3.66886E-08, -4.17911E-05, -9.23207E-09
0.75, 0, 1.1, 3.78137E-05, 3.69673E-08, -3.78418E-05, -8.90595E-09
0.8, 0, 1.1, 3.35128E-05, 3.73066E-08, -3.35415E-05, -8.58962E-09
0.85, 0, 1.1, 2.88548E-05, 3.77101E-08, -2.88842E-05, -8.28287E-09
0.9, 0, 1.1, 2.38333E-05, 3.81825E-08, -2.38635E-05, -7.98548E-09
0.95, 0, 1.1, 1.84419E-05, 3.87298E-08, -1.8473E-05, -7.69724E-09
1, 0, 1.1, 1.26743E-05, 3.93606E-08, -1.27062E-05, -7.41794E-09
1.05, 0, 1.1, 6.52355E-06, 4.00925E-08, -6.5565E-06, -7.14738E-09
1.1, 0, 1.1, -1.6979E-08, 4.08433E-08, -1.6979E-08, -6.88534E-09
0, 1.1, 0, 6.91544E-09, -1.38167E-08, 6.91543E-09, -1.41593E-11
0.05, 1.1, 0, 5.92068E-09, -1.28289E-08, 6.91543E-09, -7.20842E-12
0.1, 1.1, 0, 5.05389E-09, -1.19622E-08, 6.91543E-09, -7.08503E-12
0.15, 1.1, 0, 4.29534E-09, -1.12037E-08, 6.91543E-09, -7.08473E-12
0.2, 1.1, 0, 3.63317E-09, -1.05415E-08, 6.91543E-09, -7.08471E-12
0.25, 1.1, 0, 3.05681E-09, -9.96516E-09, 6.91543E-09, -7.08473E-12
0.3, 1.1, 0, 2.55673E-09, -9.46508E-09, 6.91543E-09, -7.08473E-12
0.35, 1.1, 0, 2.12436E-09, -9.0327E-09, 6.91543E-09, -7.08474E-12
0.4, 1.1, 0, 1.75197E-09, -8.66031E-09, 6.91543E-09, -7.08474E-12
0.45, 1.1, 0, 1.43265E-09, -8.34099E-09, 6.91543E-09, -7.08474E-12
0.5, 1.1, 0, 1.16018E-09, -8.06852E-09, 6.91543E-09, -7.08474E-12
0.55, 1.1, 0, 9.28976E-10, -7.83732E-09, 6.91543E-09, -7.08473E-12
0.6, 1.1, 0, 7.34046E-10, -7.64241E-09, 6.91545E-09, -7.08471E-12
0.65, 1.1, 0, 5.70877E-10, -7.47931E-09, 6.91551E-09, -7.08473E-12
0.7, 1.1, 0, 4.35275E-10, -7.34403E-09, 6.91584E-09, -7.08473E-12
0.75, 1.1, 0, 3.22694E-10, -7.23301E-09, 6.9174E-09, -7.08474E-12
0.8, 1.1, 0, 2.25287E-10, -7.14308E-09, 6.92487E-09, -7.08475E-12
0.85, 1.1, 0, 1.18283E-10, -7.0714E-09, 6.96021E-09, -7.08473E-12
0.9, 1.1, 0, -1.02074E-10, -7.01548E-09, 7.12464E-09, -7.08472E-12
0.95, 1.1, 0, -8.91974E-10, -6.97307E-09, 7.87213E-09, -7.08469E-12
1, 1.1, 0, -4.1962E-09, -6.94221E-09, 1.11455E-08, -7.08539E-12
1.05, 1.1, 0, -1.77301E-08, -6.92115E-09, 2.46584E-08, -7.09044E-12
1.1, 1.1, 0, -6.9004E-08, -6.90835E-09, 7.59195E-08, -7.16465E-12
0, 1.1, 0.05, 6.91544E-09, -1.28289E-08, 5.92067E-09, -7.20842E-12
0.05, 1.1, 0.05, 5.92068E-09, -1.18411E-08, 5.92067E-09, -2.57599E-13
0.1, 1.1, 0.05, 5.05389E-09, -1.09744E-08, 5.92067E-09, -1.34198E-13
0.15, 1.1, 0.05, 4.29534E-09, -1.02159E-08, 5.92067E-09, -1.33882E-13
0.2, 1.1, 0.05, 3.63317E-09, -9.55371E-09, 5.92067E-09, -1.33907E-13
0.25, 1.1, 0.05, 3.05681E-09, -8.97735E-09, 5.92067E-09, -1.33907E-13
0.3, 1.1, 0.05, 2.55673E-09, -8.47727E-09, 5.92067E-09, -1.33907E-13
0.35, 1.1, 0.05, 2.12436E-09, -8.04489E-09, 5.92067E-09, -1.33907E-13
0.4, 1.1, 0.05, 1.75197E-09, -7.67251E-09, 5.92067E-09, -1.33907E-13
0.45, 1.1, 0.05, 1.43265E-09, -7.35319E-09, 5.92067E-09, -1.33907E-13
0.5, 1.1, 0.05, 1.16018E-09, -7.08072E-09, 5.92067E-09, -1.33907E-13
0.55, 1.1, 0.05, 9.28976E-10, -6.84952E-09, 5.92068E-09, -1.33907E-13
0.6, 1.1, 0.05, 7.34048E-10, -6.6546E-09, 5.92069E-09, -1.33907E-13
0.65, 1.1, 0.05, 5.70886E-10, -6.4915E-09, 5.92075E-09, -1.33907E-13
0.7, 1.1, 0.05, 4.35316E-10, -6.35622E-09, 5.92104E-09, -1.33907E-13
0.75, 1.1, 0.05, 3.22891E-10, -6.2452E-09, 5.92245E-09, -1.33917E-13
0.8, 1.1, 0.05, 2.26225E-10, -6.15527E-09, 5.92918E-09, -1.33921E-13
0.85, 1.1, 0.05, 1.22687E-10, -6.0836E-09, 5.96104E-09, -1.3391E-13
0.9, 1.1, 0.05, -8.17414E-11, -6.02767E-09, 6.10955E-09, -1.33907E-13
0.95, 1.1, 0.05, -8.00577E-10, -5.98527E-09, 6.78598E-09, -1.33834E-13
1, 1.1, 0.05, -3.80258E-09, -5.95441E-09, 9.75712E-09, -1.33574E-13
1.05, 1.1, 0.05, -1.61446E-08, -5.93335E-09, 2.20781E-08, -1.32897E-13
1.1, 1.1, 0.05, -6.31794E-08, -5.92055E-09, 6.91001E-08, -1.41449E-13
0, 1.1, 0.1, 6.91544E-09, -1.19622E-08, 5.05388E-09, -7.08503E-12
0.05, 1.1, 0.1, 5.92068E-09, -1.09744E-08, 5.05388E-09, -1.34198E-13
0.1, 1.1, 0.1, 5.05389E-09, -1.01078E-08, 5.05388E-09, -1.08004E-14
0.15, 1.1, 0.1, 4.29534E-09, -9.3492E-09, 5.05388E-09, -1.04916E-14
0.2, 1.1, 0.1, 3.63317E-09, -8.68704E-09, 5.05388E-09, -1.04847E-14
0.25, 1.1, 0.1, 3.05681E-09, -8.11068E-09, 5.05388E-09, -1.04916E-14
0.3, 1.1, 0.1, 2.55673E-09, -7.6106E-09, 5.05388E-09, -1.04916E-14
0.35, 1.1, 0.1, 2.12436E-09, -7.17822E-09, 5.05388E-09, -1.05124E-14
0.4, 1.1, 0.1, 1.75197E-09, -6.80584E-09, 5.05388E-09, -1.04916E-14
0.45, 1.1, 0.1, 1.43265E-09, -6.48652E-09, 5.05388E-09, -1.04916E-14
0.5, 1.1, 0.1, 1.16018E-09, -6.21404E-09, 5.05388E-09, -1.04916E-14
0.55, 1.1, 0.1, 9.28977E-10, -5.98285E-09, 5.05388E-09, -1.04916E-14
0.6, 1.1, 0.1, 7.34049E-10, -5.78793E-09, 5.05389E-09, -1.04916E-14
0.65, 1.1, 0.1, 5.70894E-10, -5.62483E-09, 5.05394E-09, -1.05124E-14
0.7, 1.1, 0.1, 4.35353E-10, -5.48955E-09, 5.05421E-09, -1.04916E-14
0.75, 1.1, 0.1, 3.23069E-10, -5.37853E-09, 5.05547E-09, -1.05194E-14
0.8, 1.1, 0.1, 2.27072E-10, -5.2886E-09, 5.06154E-09, -1.05124E-14
0.85, 1.1, 0.1, 1.2667E-10, -5.21693E-09, 5.09027E-09, -1.04881E-14
0.9, 1.1, 0.1, -6.33325E-11, -5.161E-09, 5.22434E-09, -1.04777E-14
0.95, 1.1, 0.1, -7.17652E-10, -5.11859E-09, 5.83626E-09, -1.04257E-14
1, 1.1, 0.1, -3.44425E-09, -5.08774E-09, 8.532E-09, -1.01551E-14
1.05, 1.1, 0.1, -1.46942E-08, -5.06668E-09, 1.97609E-08, -8.65974E-15
1.1, 1.1, 0.1, -5.78178E-08, -5.05388E-09, 6.28717E-08, -3.577E-15
0, 1.1, 0.15, 6.91544E-09, -1.12037E-08, 4.29533E-09, -7.08473E-12
0.05, 1.1, 0.15, 5.92068E-09, -1.02159E-08, 4.29533E-09, -1.33882E-13
0.1, 1.1, 0.15, 5.05389E-09, -9.3492E-09, 4.29533E-09, -1.04916E-14
0.15, 1.1, 0.15, 4.29534E-09, -8.59065E-09, 4.29533E-09, -1.01932E-14
0.2, 1.1, 0.15, 3.63317E-09, -7.92849E-09, 4.29533E-09, -1.01932E-14
0.25, 1.1, 0.15, 3.05681E-09, -7.35213E-09, 4.29533E-09, -1.01932E-14
0.3, 1.1, 0.15, 2.55673E-09, -6.85205E-09, 4.29533E-09, -1.01932E-14
0.35, 1.1, 0.15, 2.12436E-09, -6.41967E-09, 4.29533E-09, -1.01932E-14
0.4, 1.1, 0.15, 1.75197E-09, -6.04729E-09, 4.29533E-09, -1.01932E-14
0.45, 1.1, 0.15, 1.43265E-09, -5.72797E-09, 4.29533E-09, -1.01932E-14
0.5, 1.1, 0.15, 1.16018E-09, -5.45549E-09, 4.29533E-09, -1.01932E-14
0.55, 1.1, 0.15, 9.28977E-10, -5.2243E-09, 4.29533E-09, -1.01932E-14
0.6, 1.1, 0.15, 7.34051E-10, -5.02938E-09, 4.29534E-09, -1.01932E-14
0.65, 1.1, 0.15, 5.70901E-10, -4.86628E-09, 4.29539E-09, -1.01932E-14
0.7, 1.1, 0.15, 4.35387E-10, -4.731E-09, 4.29562E-09, -1.01932E-14
0.75, 1.1, 0.15, 3.2323E-10, -4.61998E-09, 4.29676E-09, -1.02071E-14
0.8, 1.1, 0.15, 2.27837E-10, -4.53005E-09, 4.30222E-09, -1.02106E-14
0.85, 1.1, 0.15, 1.3027E-10, -4.45838E-09, 4.32812E-09, -1.01932E-14
0.9, 1.1, 0.15, -4.66679E-11, -4.40245E-09, 4.44913E-09, -1.01794E-14
0.95, 1.1, 0.15, -6.42427E-10, -4.36004E-09, 5.00248E-09, -1.01273E-14
1, 1.1, 0.15, -3.11813E-09, -4.32918E-09, 7.44733E-09, -9.83588E-15
1.05, 1.1, 0.15, -1.33677E-08, -4.30813E-09, 1.76758E-08, -8.30239E-15
1.1, 1.1, 0.15, -5.28835E-08, -4.29532E-09, 5.71789E-08, -6.59195E-16
0, 1.1, 0.2, 6.91544E-09, -1.05415E-08, 3.63316E-09, -7.08471E-12
0.05, 1.1, 0.2, 5.92068E-09, -9.55371E-09, 3.63316E-09, -1.33907E-13
0.1, 1.1, 0.2, 5.05389E-09, -8.68704E-09, 3.63316E-09, -1.04847E-14
0.15, 1.1, 0.2, 4.29534E-09, -7.92849E-09, 3.63316E-09, -1.01932E-14
0.2, 1.1, 0.2, 3.63317E-09, -7.26633E-09, 3.63316E-09, -1.01932E-14
0.25, 1.1, 0.2, 3.05681E-09, -6.68997E-09, 3.63316E-09, -1.01932E-14
0.3, 1.1, 0.2, 2.55673E-09, -6.18989E-09, 3.63316E-09, -1.01932E-14
0.35, 1.1, 0.2, 2.12436E-09, -5.75751E-09, 3.63316E-09, -1.01932E-14
0.4, 1.1, 0.2, 1.75197E-09, -5.38512E-09, 3.63316E-09, -1.01932E-14
0.45, 1.1, 0.2, 1.43265E-09, -5.0658E-09, 3.63316E-09, -1.01932E-14
0.5, 1.1, 0.2, 1.16018E-09, -4.79333E-09, 3.63316E-09, -1.01932E-14
0.55, 1.1, 0.2, 9.28977E-10, -4.56213E-09, 3.63317E-09, -1.01932E-14
0.6, 1.1, 0.2, 7.34052E-10, -4.36722E-09, 3.63317E-09, -1.01863E-14
0.65, 1.1, 0.2, 5.70907E-10, -4.20411E-09, 3.63322E-09, -1.01932E-14
0.7, 1.1, 0.2, 4.35417E-10, -4.06883E-09, 3.63343E-09, -1.02036E-14
0.75, 1.1, 0.2, 3.23375E-10, -3.95782E-09, 3.63445E-09, -1.02106E-14
0.8, 1.1, 0.2, 2.28528E-10, -3.86788E-09, 3.63937E-09, -1.02071E-14
0.85, 1.1, 0.2, 1.33524E-10, -3.79621E-09, 3.6627E-09, -1.01932E-14
0.9, 1.1, 0.2, -3.15849E-11, -3.74029E-09, 3.77188E-09, -1.01794E-14
0.95, 1.1, 0.2, -5.74202E-10, -3.69788E-09, 4.27209E-09, -1.01273E-14
1, 1.1, 0.2, -2.82141E-09, -3.66702E-09, 6.48845E-09, -9.83588E-15
1.05, 1.1, 0.2, -1.21549E-08, -3.64596E-09, 1.58008E-08, -8.29545E-15
1.1, 1.1, 0.2, -4.83438E-08, -3.63316E-09, 5.1977E-08, -4.78784E-16
0, 1.1, 0.25, 6.91544E-09, -9.96516E-09, 3.05681E-09, -7.08473E-12
0.05, 1.1, 0.25, 5.92068E-09, -8.97735E-09, 3.05681E-09, -1.33907E-13
0.1, 1.1, 0.25, 5.05389E-09, -8.11068E-09, 3.05681E-09, -1.04916E-14
0.15, 1.1, 0.25, 4.29534E-09, -7.35213E-09, 3.05681E-09, -1.01932E-14
0.2, 1.1, 0.25, 3.63317E-09, -6.68997E-09, 3.05681E-09, -1.01932E-14
0.25, 1.1, 0.25, 3.05681E-09, -6.11361E-09, 3.05681E-09, -1.01932E-14
0.3, 1.1, 0.25, 2.55673E-09, -5.61353E-09, 3.05681E-09, -1.01932E-14
0.35, 1.1, 0.25, 2.12436E-09, -5.18115E-09, 3.05681E-09, -1.01932E-14
0.4, 1.1, 0.25, 1.75197E-09, -4.80876E-09, 3.05681E-09, -1.01932E-14
0.45, 1.1, 0.25, 1.43265E-09, -4.48944E-09, 3.05681E-09, -1.01932E-14
0.5, 1.1, 0.25, 1.16018E-09, -4.21697E-09, 3.05681E-09, -1.01932E-14
0.55, 1.1, 0.25, 9.28977E-10, -3.98578E-09, 3.05681E-09, -1.01932E-14
0.6, 1.1, 0.25, 7.34053E-10, -3.79086E-09, 3.05681E-09, -1.01863E-14
0.65, 1.1, 0.25, 5.70912E-10, -3.62776E-09, 3.05685E-09, -1.01932E-14
0.7, 1.1, 0.25, 4.35444E-10, -3.49248E-09, 3.05704E-09, -1.02036E-14
0.75, 1.1, 0.25, 3.23506E-10, -3.38146E-09, 3.05796E-09, -1.02106E-14
0.8, 1.1, 0.25, 2.29152E-10, -3.29153E-09, 3.06239E-09, -1.02071E-14
0.85, 1.1, 0.25, 1.36465E-10, -3.21985E-09, 3.0834E-09, -1.01932E-14
0.9, 1.1, 0.25, -1.79355E-11, -3.16393E-09, 3.18187E-09, -1.01794E-14
0.95, 1.1, 0.25, -5.12341E-10, -3.12152E-09, 3.63387E-09, -1.01273E-14
1, 1.1, 0.25, -2.55153E-09, -3.09066E-09, 5.6422E-09, -9.83588E-15
1.05, 1.1, 0.25, -1.10465E-08, -3.06961E-09, 1.41161E-08, -8.29545E-15
1.1, 1.1, 0.25, -4.41689E-08, -3.0568E-09, 4.72257E-08, -4.47559E-16
0, 1.1, 0.3, 6.91544E-09, -9.46508E-09, 2.55672E-09, -7.08473E-12
0.05, 1.1, 0.3, 5.92068E-09, -8.47727E-09, 2.55672E-09, -1.33907E-13
0.1, 1.1, 0.3, 5.05389E-09, -7.6106E-09, 2.55672E-09, -1.04916E-14
0.15, 1.1, 0.3, 4.29534E-09, -6.85205E-09, 2.55672E-09, -1.01932E-14
0.2, 1.1, 0.3, 3.63317E-09, -6.18989E-09, 2.55672E-09, -1.01932E-14
0.25, 1.1, 0.3, 3.05681E-09, -5.61353E-09, 2.55672E-09, -1.01932E-14
0.3, 1.1, 0.3, 2.55673E-09, -5.11345E-09, 2.55672E-09, -1.01932E-14
0.35, 1.1, 0.3, 2.12436E-09, -4.68107E-09, 2.55672E-09, -1.01932E-14
0.4, 1.1, 0.3, 1.75197E-09, -4.30868E-09, 2.55672E-09, -1.01932E-14
0.45, 1.1, 0.3, 1.43265E-09, -3.98937E-09, 2.55672E-09, -1.01932E-14
0.5, 1.1, 0.3, 1.16018E-09, -3.71689E-09, 2.55672E-09, -1.01932E-14
0.55, 1.1, 0.3, 9.28978E-10, -3.48569E-09, 2.55673E-09, -1.01932E-14
0.6, 1.1, 0.3, 7.34054E-10, -3.29078E-09, 2.55673E-09, -1.01863E-14
0.65, 1.1, 0.3, 5.70918E-10, -3.12768E-09, 2.55677E-09, -1.01932E-14
0.7, 1.1, 0.3, 4.35469E-10, -2.9924E-09, 2.55694E-09, -1.02036E-14
0.75, 1.1, 0.3, 3.23624E-10, -2.88138E-09, 2.55777E-09, -1.02106E-14
0.8, 1.1, 0.3, 2.29716E-10, -2.79145E-09, 2.56174E-09, -1.02071E-14
0.85, 1.1, 0.3, 1.39123E-10, -2.71978E-09, 2.58066E-09, -1.01932E-14
0.9, 1.1, 0.3, -5.58474E-12, -2.66385E-09, 2.66944E-09, -1.01794E-14
0.95, 1.1, 0.3, -4.56261E-10, -2.62144E-09, 3.07771E-09, -1.01273E-14
1, 1.1, 0.3, -2.30612E-09, -2.59058E-09, 4.89671E-09, -9.83588E-15
1.05, 1.1, 0.3, -1.00339E-08, -2.56952E-09, 1.26035E-08, -8.27463E-15
1.1, 1.1, 0.3, -4.03312E-08, -2.55672E-09, 4.2888E-08, -4.12864E-16
0, 1.1, 0.35, 6.91544E-09, -9.0327E-09, 2.12435E-09, -7.08474E-12
0.05, 1.1, 0.35, 5.92068E-09, -8.04489E-09, 2.12435E-09, -1.33907E-13
0.1, 1.1, 0.35, 5.05389E-09, -7.17822E-09, 2.12435E-09, -1.05124E-14
0.15, 1.1, 0.35, 4.29534E-09, -6.41967E-09, 2.12435E-09, -1.01932E-14
0.2, 1.1, 0.35, 3.63317E-09, -5.75751E-09, 2.12435E-09, -1.01932E-14
0.25, 1.1, 0.35, 3.05681E-09, -5.18115E-09, 2.12435E-09, -1.01932E-14
0.3, 1.1, 0.35, 2.55673E-09, -4.68107E-09, 2.12435E-09, -1.01932E-14
0.35, 1.1, 0.35, 2.12436E-09, -4.24869E-09, 2.12435E-09, -1.01932E-14
0.4, 1.1, 0.35, 1.75197E-09, -3.87631E-09, 2.12435E-09, -1.01932E-14
0.45, 1.1, 0.35, 1.43265E-09, -3.55699E-09, 2.12435E-09, -1.01932E-14
0.5, 1.1, 0.35, 1.16018E-09, -3.28451E-09, 2.12435E-09, -1.01932E-14
0.55, 1.1, 0.35, 9.28978E-10, -3.05332E-09, 2.12435E-09, -1.01932E-14
0.6, 1.1, 0.35, 7.34055E-10, -2.8584E-09, 2.12435E-09, -1.01863E-14
0.65, 1.1, 0.35, 5.70922E-10, -2.69529E-09, 2.12439E-09, -1.01932E-14
0.7, 1.1, 0.35, 4.35491E-10, -2.56002E-09, 2.12454E-09, -1.02036E-14
0.75, 1.1, 0.35, 3.23731E-10, -2.449E-09, 2.12528E-09, -1.02106E-14
0.8, 1.1, 0.35, 2.30225E-10, -2.35907E-09, 2.12885E-09, -1.02106E-14
0.85, 1.1, 0.35, 1.41526E-10, -2.2874E-09, 2.14588E-09, -1.01932E-14
0.9, 1.1, 0.35, 5.59016E-12, -2.23147E-09, 2.22589E-09, -1.01794E-14
0.95, 1.1, 0.35, -4.05429E-10, -2.18906E-09, 2.5945E-09, -1.01273E-14
1, 1.1, 0.35, -2.08303E-09, -2.1582E-09, 4.24125E-09, -9.83588E-15
1.05, 1.1, 0.35, -9.10928E-09, -2.13715E-09, 1.12464E-08, -8.27116E-15
1.1, 1.1, 0.35, -3.68052E-08, -2.12435E-09, 3.89295E-08, -3.747E-16
0, 1.1, 0.4, 6.91544E-09, -8.66031E-09, 1.75196E-09, -7.08474E-12
0.05, 1.1, 0.4, 5.92068E-09, -7.67251E-09, 1.75196E-09, -1.33907E-13
0.1, 1.1, 0.4, 5.05389E-09, -6.80584E-09, 1.75196E-09, -1.04916E-14
0.15, 1.1, 0.4, 4.29534E-09, -6.04729E-09, 1.75196E-09, -1.01932E-14
0.2, 1.1, 0.4, 3.63317E-09, -5.38512E-09, 1.75196E-09, -1.01932E-14
0.25, 1.1, 0.4, 3.05681E-09, -4.80876E-09, 1.75196E-09, -1.01932E-14
0.3, 1.1, 0.4, 2.55673E-09, -4.30868E-09, 1.75196E-09, -1.01932E-14
0.35, 1.1, 0.4, 2.12436E-09, -3.87631E-09, 1.75196E-09, -1.01932E-14
0.4, 1.1, 0.4, 1.75197E-09, -3.50392E-09, 1.75196E-09, -1.01932E-14
0.45, 1.1, 0.4, 1.43265E-09, -3.1846E-09, 1.75196E-09, -1.01932E-14
0.5, 1.1, 0.4, 1.16018E-09, -2.91213E-09, 1.75196E-09, -1.01932E-14
0.55, 1.1, 0.4, 9.28978E-10, -2.68093E-09, 1.75196E-09, -1.01932E-14
0.6, 1.1, 0.4, 7.34056E-10, -2.48601E-09, 1.75197E-09, -1.01863E-14
0.65, 1.1, 0.4, 5.70926E-10, -2.32291E-09, 1.752E-09, -1.01932E-14
0.7, 1.1, 0.4, 4.35511E-10, -2.18763E-09, 1.75213E-09, -1.02036E-14
0.75, 1.1, 0.4, 3.23827E-10, -2.07661E-09, 1.7528E-09, -1.02106E-14
0.8, 1.1, 0.4, 2.30685E-10, -1.98668E-09, 1.75601E-09, -1.02106E-14
0.85, 1.1, 0.4, 1.43697E-10, -1.91501E-09, 1.77132E-09, -1.01932E-14
0.9, 1.1, 0.4, 1.57014E-11, -1.85908E-09, 1.84339E-09, -1.01863E-14
0.95, 1.1, 0.4, -3.59359E-10, -1.81668E-09, 2.17605E-09, -1.01134E-14
1, 1.1, 0.4, -1.88029E-09, -1.78582E-09, 3.66612E-09, -9.83588E-15
1.05, 1.1, 0.4, -8.26525E-09, -1.76476E-09, 1.003E-08, -8.26075E-15
1.1, 1.1, 0.4, -3.3567E-08, -1.75196E-09, 3.5319E-08, -3.64292E-16
0, 1.1, 0.45, 6.91544E-09, -8.34099E-09, 1.43264E-09, -7.08474E-12
0.05, 1.1, 0.45, 5.92068E-09, -7.35319E-09, 1.43264E-09, -1.33907E-13
0.1, 1.1, 0.45, 5.05389E-09, -6.48652E-09, 1.43264E-09, -1.04916E-14
0.15, 1.1, 0.45, 4.29534E-09, -5.72797E-09, 1.43264E-09, -1.01932E-14
0.2, 1.1, 0.45, 3.63317E-09, -5.0658E-09, 1.43264E-09, -1.01932E-14
0.25, 1.1, 0.45, 3.05681E-09, -4.48944E-09, 1.43264E-09, -1.01932E-14
0.3, 1.1, 0.45, 2.55673E-09, -3.98937E-09, 1.43264E-09, -1.01932E-14
0.35, 1.1, 0.45, 2.12436E-09, -3.55699E-09, 1.43264E-09, -1.01932E-14
0.4, 1.1, 0.45, 1.75197E-09, -3.1846E-09, 1.43264E-09, -1.01932E-14
0.45, 1.1, 0.45, 1.43265E-09, -2.86528E-09, 1.43264E-09, -1.01932E-14
0.5, 1.1, 0.45, 1.16018E-09, -2.59281E-09, 1.43264E-09, -1.01932E-14
0.55, 1.1, 0.45, 9.28978E-10, -2.36161E-09, 1.43264E-09, -1.01932E-14
0.6, 1.1, 0.45, 7.34057E-10, -2.16669E-09, 1.43265E-09, -1.01863E-14
0.65, 1.1, 0.45, 5.7093E-10, -2.00359E-09, 1.43267E-09, -1.01932E-14
0.7, 1.1, 0.45, 4.35529E-10, -1.86831E-09, 1.43279E-09, -1.02036E-14
0.75, 1.1, 0.45, 3.23914E-10, -1.75729E-09, 1.43339E-09, -1.02106E-14
0.8, 1.1, 0.45, 2.31101E-10, -1.66736E-09, 1.43627E-09, -1.02106E-14
0.85, 1.1, 0.45, 1.45661E-10, -1.59569E-09, 1.45004E-09, -1.01932E-14
0.9, 1.1, 0.45, 2.48517E-11, -1.53976E-09, 1.51492E-09, -1.01794E-14
0.95, 1.1, 0.45, -3.17607E-10, -1.49736E-09, 1.81498E-09, -1.01273E-14
1, 1.1, 0.45, -1.69606E-09, -1.4665E-09, 3.16256E-09, -9.83241E-15
1.05, 1.1, 0.45, -7.49505E-09, -1.44544E-09, 8.9405E-09, -8.26075E-15
1.1, 1.1, 0.45, -3.05946E-08, -1.43264E-09, 3.20272E-08, -3.26128E-16
0, 1.1, 0.5, 6.91544E-09, -8.06852E-09, 1.16017E-09, -7.08474E-12
0.05, 1.1, 0.5, 5.92068E-09, -7.08072E-09, 1.16017E-09, -1.33907E-13
0.1, 1.1, 0.5, 5.05389E-09, -6.21404E-09, 1.16017E-09, -1.04916E-14
0.15, 1.1, 0.5, 4.29534E-09, -5.45549E-09, 1.16017E-09, -1.01932E-14
0.2, 1.1, 0.5, 3.63317E-09, -4.79333E-09, 1.16017E-09, -1.01932E-14
0.25, 1.1, 0.5, 3.05682E-09, -4.21697E-09, 1.16017E-09, -1.01932E-14
0.3, 1.1, 0.5, 2.55673E-09, -3.71689E-09, 1.16017E-09, -1.01932E-14
0.35, 1.1, 0.5, 2.12436E-09, -3.28451E-09, 1.16017E-09, -1.01932E-14
0.4, 1.1, 0.5, 1.75197E-09, -2.91213E-09, 1.16017E-09, -1.01932E-14
0.45, 1.1, 0.5, 1.43265E-09, -2.59281E-09, 1.16017E-09, -1.01932E-14
0.5, 1.1, 0.5, 1.16018E-09, -2.32033E-09, 1.16017E-09, -1.01932E-14
0.55, 1.1, 0.5, 9.28979E-10, -2.08914E-09, 1.16017E-09, -1.01932E-14
0.6, 1.1, 0.5, 7.34058E-10, -1.89422E-09, 1.16017E-09, -1.01863E-14
0.65, 1.1, 0.5, 5.70934E-10, -1.73112E-09, 1.1602E-09, -1.01932E-14
0.7, 1.1, 0.5, 4.35546E-10, -1.59584E-09, 1.1603E-09, -1.02036E-14
0.75, 1.1, 0.5, 3.23994E-10, -1.48482E-09, 1.16084E-09, -1.02106E-14
0.8, 1.1, 0.5, 2.31477E-10, -1.39489E-09, 1.16342E-09, -1.02106E-14
0.85, 1.1, 0.5, 1.47439E-10, -1.32322E-09, 1.17579E-09, -1.01932E-14
0.9, 1.1, 0.5, 3.31356E-11, -1.26729E-09, 1.23417E-09, -1.01794E-14
0.95, 1.1, 0.5, -2.79762E-10, -1.22489E-09, 1.50466E-09, -1.01134E-14
1, 1.1, 0.5, -1.52867E-09, -1.19402E-09, 2.7227E-09, -9.82547E-15
1.05, 1.1, 0.5, -6.79242E-09, -1.17297E-09, 7.9654E-09, -8.25034E-15
1.1, 1.1, 0.5, -2.78671E-08, -1.16017E-09, 2.90273E-08, -3.05311E-16
0, 1.1, 0.55, 6.91544E-09, -7.83732E-09, 9.28966E-10, -7.08473E-12
0.05, 1.1, 0.55, 5.92069E-09, -6.84952E-09, 9.28967E-10, -1.33907E-13
0.1, 1.1, 0.55, 5.05389E-09, -5.98285E-09, 9.28967E-10, -1.04916E-14
0.15, 1.1, 0.55, 4.29534E-09, -5.2243E-09, 9.28967E-10, -1.01932E-14
0.2, 1.1, 0.55, 3.63318E-09, -4.56213E-09, 9.28967E-10, -1.01932E-14
0.25, 1.1, 0.55, 3.05682E-09, -3.98578E-09, 9.28968E-10, -1.01932E-14
0.3, 1.1, 0.55, 2.55674E-09, -3.48569E-09, 9.28968E-10, -1.01932E-14
0.35, 1.1, 0.55, 2.12436E-09, -3.05332E-09, 9.28968E-10, -1.01932E-14
0.4, 1.1, 0.55, 1.75197E-09, -2.68093E-09, 9.28968E-10, -1.01932E-14
0.45, 1.1, 0.55, 1.43265E-09, -2.36161E-09, 9.28968E-10, -1.01932E-14
0.5, 1.1, 0.55, 1.16018E-09, -2.08914E-09, 9.28969E-10, -1.01932E-14
0.55, 1.1, 0.55, 9.28979E-10, -1.85794E-09, 9.2897E-10, -1.01932E-14
0.6, 1.1, 0.55, 7.34059E-10, -1.66302E-09, 9.28974E-10, -1.01863E-14
0.65, 1.1, 0.55, 5.70937E-10, -1.49992E-09, 9.28994E-10, -1.01932E-14
0.7, 1.1, 0.55, 4.35561E-10, -1.36464E-09, 9.29091E-10, -1.02036E-14
0.75, 1.1, 0.55, 3.24066E-10, -1.25362E-09, 9.29568E-10, -1.02106E-14
0.8, 1.1, 0.55, 2.3182E-10, -1.16369E-09, 9.31883E-10, -1.02106E-14
0.85, 1.1, 0.55, 1.4905E-10, -1.09202E-09, 9.42979E-10, -1.01932E-14
0.9, 1.1, 0.55, 4.06408E-11, -1.03609E-09, 9.95463E-10, -1.01794E-14
0.95, 1.1, 0.55, -2.45447E-10, -9.93687E-10, 1.23915E-09, -1.01273E-14
1, 1.1, 0.55, -1.37657E-09, -9.6283E-10, 2.33941E-09, -9.82547E-15
1.05, 1.1, 0.55, -6.15154E-09, -9.41769E-10, 7.09332E-09, -8.25034E-15
1.1, 1.1, 0.55, -2.53654E-08, -9.28969E-10, 2.62944E-08, -3.01842E-16
0, 1.1, 0.6, 6.91546E-09, -7.64241E-09, 7.34036E-10, -7.08471E-12
0.05, 1.1, 0.6, 5.9207E-09, -6.6546E-09, 7.34038E-10, -1.33907E-13
0.1, 1.1, 0.6, 5.0539E-09, -5.78793E-09, 7.34039E-10, -1.04916E-14
0.15, 1.1, 0.6, 4.29535E-09, -5.02938E-09, 7.34041E-10, -1.01932E-14
0.2, 1.1, 0.6, 3.63318E-09, -4.36722E-09, 7.34042E-10, -1.01863E-14
0.25, 1.1, 0.6, 3.05682E-09, -3.79086E-09, 7.34043E-10, -1.01863E-14
0.3, 1.1, 0.6, 2.55674E-09, -3.29078E-09, 7.34044E-10, -1.01863E-14
0.35, 1.1, 0.6, 2.12436E-09, -2.8584E-09, 7.34045E-10, -1.01863E-14
0.4, 1.1, 0.6, 1.75198E-09, -2.48601E-09, 7.34046E-10, -1.01863E-14
0.45, 1.1, 0.6, 1.43266E-09, -2.16669E-09, 7.34047E-10, -1.01863E-14
0.5, 1.1, 0.6, 1.16018E-09, -1.89422E-09, 7.34048E-10, -1.01863E-14
0.55, 1.1, 0.6, 9.28984E-10, -1.66302E-09, 7.34049E-10, -1.01863E-14
0.6, 1.1, 0.6, 7.34063E-10, -1.46811E-09, 7.34053E-10, -1.01863E-14
0.65, 1.1, 0.6, 5.70943E-10, -1.305E-09, 7.34071E-10, -1.01932E-14
0.7, 1.1, 0.6, 4.35577E-10, -1.16973E-09, 7.34159E-10, -1.02036E-14
0.75, 1.1, 0.6, 3.24134E-10, -1.05871E-09, 7.34584E-10, -1.02106E-14
0.8, 1.1, 0.6, 2.32133E-10, -9.68777E-10, 7.36653E-10, -1.02106E-14
0.85, 1.1, 0.6, 1.50515E-10, -8.97103E-10, 7.46597E-10, -1.01932E-14
0.9, 1.1, 0.6, 4.7451E-11, -8.41176E-10, 7.93736E-10, -1.01794E-14
0.95, 1.1, 0.6, -2.1431E-10, -7.98773E-10, 1.01309E-09, -1.01134E-14
1, 1.1, 0.6, -1.23833E-09, -7.6791E-10, 2.00625E-09, -9.83241E-15
1.05, 1.1, 0.6, -5.56701E-09, -7.46851E-10, 6.31387E-09, -8.23994E-15
1.1, 1.1, 0.6, -2.30713E-08, -7.34053E-10, 2.38054E-08, -2.67147E-16
0, 1.1, 0.65, 6.91552E-09, -7.47931E-09, 5.70868E-10, -7.08473E-12
0.05, 1.1, 0.65, 5.92076E-09, -6.4915E-09, 5.70876E-10, -1.33907E-13
0.1, 1.1, 0.65, 5.05395E-09, -5.62483E-09, 5.70884E-10, -1.05124E-14
0.15, 1.1, 0.65, 4.2954E-09, -4.86628E-09, 5.70891E-10, -1.01932E-14
0.2, 1.1, 0.65, 3.63323E-09, -4.20411E-09, 5.70897E-10, -1.01932E-14
0.25, 1.1, 0.65, 3.05686E-09, -3.62776E-09, 5.70903E-10, -1.01932E-14
0.3, 1.1, 0.65, 2.55678E-09, -3.12768E-09, 5.70908E-10, -1.01932E-14
0.35, 1.1, 0.65, 2.1244E-09, -2.69529E-09, 5.70912E-10, -1.01932E-14
0.4, 1.1, 0.65, 1.75201E-09, -2.32291E-09, 5.70916E-10, -1.01932E-14
0.45, 1.1, 0.65, 1.43268E-09, -2.00359E-09, 5.7092E-10, -1.01932E-14
0.5, 1.1, 0.65, 1.16021E-09, -1.73112E-09, 5.70924E-10, -1.01932E-14
0.55, 1.1, 0.65, 9.29004E-10, -1.49992E-09, 5.70927E-10, -1.01932E-14
0.6, 1.1, 0.65, 7.34081E-10, -1.305E-09, 5.70933E-10, -1.01932E-14
0.65, 1.1, 0.65, 5.70961E-10, -1.1419E-09, 5.70951E-10, -1.01932E-14
0.7, 1.1, 0.65, 4.35602E-10, -1.00663E-09, 5.71032E-10, -1.02036E-14
0.75, 1.1, 0.65, 3.24202E-10, -8.95604E-10, 5.71414E-10, -1.02106E-14
0.8, 1.1, 0.65, 2.32425E-10, -8.05674E-10, 5.73259E-10, -1.02106E-14
0.85, 1.1, 0.65, 1.51857E-10, -7.34E-10, 5.82154E-10, -1.01932E-14
0.9, 1.1, 0.65, 5.365E-11, -6.78073E-10, 6.24436E-10, -1.01794E-14
0.95, 1.1, 0.65, -1.86014E-10, -6.35669E-10, 8.21694E-10, -1.01273E-14
1, 1.1, 0.65, -1.11259E-09, -6.0481E-10, 1.71741E-09, -9.82547E-15
1.05, 1.1, 0.65, -5.03376E-09, -5.83752E-10, 5.61752E-09, -8.23994E-15
1.1, 1.1, 0.65, -2.09678E-08, -5.70953E-10, 2.15388E-08, -2.63678E-16
0, 1.1, 0.7, 6.91585E-09, -7.34403E-09, 4.35265E-10, -7.08473E-12
0.05, 1.1, 0.7, 5.92105E-09, -6.35622E-09, 4.35306E-10, -1.33907E-13
0.1, 1.1, 0.7, 5.05422E-09, -5.48955E-09, 4.35343E-10, -1.04916E-14
0.15, 1.1, 0.7, 4.29563E-09, -4.731E-09, 4.35377E-10, -1.01932E-14
0.2, 1.1, 0.7, 3.63344E-09, -4.06883E-09, 4.35407E-10, -1.02036E-14
0.25, 1.1, 0.7, 3.05705E-09, -3.49248E-09, 4.35434E-10, -1.02036E-14
0.3, 1.1, 0.7, 2.55695E-09, -2.9924E-09, 4.35459E-10, -1.02036E-14
0.35, 1.1, 0.7, 2.12455E-09, -2.56002E-09, 4.35481E-10, -1.02036E-14
0.4, 1.1, 0.7, 1.75214E-09, -2.18763E-09, 4.35501E-10, -1.02036E-14
0.45, 1.1, 0.7, 1.4328E-09, -1.86831E-09, 4.35519E-10, -1.02036E-14
0.5, 1.1, 0.7, 1.16031E-09, -1.59584E-09, 4.35536E-10, -1.02036E-14
0.55, 1.1, 0.7, 9.29101E-10, -1.36464E-09, 4.35551E-10, -1.02036E-14
0.6, 1.1, 0.7, 7.34169E-10, -1.16973E-09, 4.35567E-10, -1.02036E-14
0.65, 1.1, 0.7, 5.71042E-10, -1.00663E-09, 4.35592E-10, -1.02036E-14
0.7, 1.1, 0.7, 4.35683E-10, -8.71346E-10, 4.35673E-10, -1.02036E-14
0.75, 1.1, 0.7, 3.24312E-10, -7.60329E-10, 4.36026E-10, -1.02106E-14
0.8, 1.1, 0.7, 2.32722E-10, -6.70394E-10, 4.37683E-10, -1.02106E-14
0.85, 1.1, 0.7, 1.53112E-10, -5.98723E-10, 4.45621E-10, -1.01932E-14
0.9, 1.1, 0.7, 5.93338E-11, -5.42796E-10, 4.83473E-10, -1.01794E-14
0.95, 1.1, 0.7, -1.60219E-10, -5.00391E-10, 6.6062E-10, -1.01273E-14
1, 1.1, 0.7, -9.98062E-10, -4.6953E-10, 1.4676E-09, -9.82547E-15
1.05, 1.1, 0.7, -4.54697E-09, -4.48471E-10, 4.99545E-09, -8.23994E-15
1.1, 1.1, 0.7, -1.90387E-08, -4.35671E-10, 1.94744E-08, -2.63678E-16
0, 1.1, 0.75, 6.91741E-09, -7.23301E-09, 3.22684E-10, -7.08473E-12
0.05, 1.1, 0.75, 5.92246E-09, -6.2452E-09, 3.22881E-10, -1.33907E-13
0.1, 1.1, 0.75, 5.05548E-09, -5.37853E-09, 3.23059E-10, -1.04916E-14
0.15, 1.1, 0.75, 4.29677E-09, -4.61998E-09, 3.2322E-10, -1.01932E-14
0.2, 1.1, 0.75, 3.63446E-09, -3.95782E-09, 3.23365E-10, -1.02036E-14
0.25, 1.1, 0.75, 3.05797E-09, -3.38146E-09, 3.23496E-10, -1.02036E-14
0.3, 1.1, 0.75, 2.55778E-09, -2.88138E-09, 3.23614E-10, -1.02036E-14
0.35, 1.1, 0.75, 2.12529E-09, -2.449E-09, 3.23721E-10, -1.02036E-14
0.4, 1.1, 0.75, 1.75281E-09, -2.07661E-09, 3.23817E-10, -1.02036E-14
0.45, 1.1, 0.75, 1.4334E-09, -1.75729E-09, 3.23905E-10, -1.02036E-14
0.5, 1.1, 0.75, 1.16085E-09, -1.48482E-09, 3.23984E-10, -1.02036E-14
0.55, 1.1, 0.75, 9.29578E-10, -1.25362E-09, 3.24056E-10, -1.02036E-14
0.6, 1.1, 0.75, 7.34594E-10, -1.05871E-09, 3.24124E-10, -1.02036E-14
0.65, 1.1, 0.75, 5.71424E-10, -8.95604E-10, 3.24193E-10, -1.02036E-14
0.7, 1.1, 0.75, 4.36036E-10, -7.60329E-10, 3.24302E-10, -1.02036E-14
0.75, 1.1, 0.75, 3.24665E-10, -6.49308E-10, 3.24655E-10, -1.02106E-14
0.8, 1.1, 0.75, 2.33197E-10, -5.59378E-10, 3.26191E-10, -1.02106E-14
0.85, 1.1, 0.75, 1.54386E-10, -4.87702E-10, 3.33329E-10, -1.01932E-14
0.9, 1.1, 0.75, 6.46535E-11, -4.31779E-10, 3.67136E-10, -1.01794E-14
0.95, 1.1, 0.75, -1.3653E-10, -3.89374E-10, 5.25914E-10, -1.01273E-14
1, 1.1, 0.75, -8.9341E-10, -3.58515E-10, 1.25193E-09, -9.82547E-15
1.05, 1.1, 0.75, -4.10197E-09, -3.37455E-10, 4.43944E-09, -8.22953E-15
1.1, 1.1, 0.75, -1.72686E-08, -3.24656E-10, 1.75933E-08, -2.60209E-16
0, 1.1, 0.8, 6.92488E-09, -7.14308E-09, 2.25277E-10, -7.08474E-12
0.05, 1.1, 0.8, 5.92919E-09, -6.15527E-09, 2.26215E-10, -1.33917E-13
0.1, 1.1, 0.8, 5.06155E-09, -5.2886E-09, 2.27063E-10, -1.04916E-14
0.15, 1.1, 0.8, 4.30223E-09, -4.53005E-09, 2.27828E-10, -1.02036E-14
0.2, 1.1, 0.8, 3.63938E-09, -3.86788E-09, 2.28519E-10, -1.01932E-14
0.25, 1.1, 0.8, 3.06239E-09, -3.29153E-09, 2.29143E-10, -1.01932E-14
0.3, 1.1, 0.8, 2.56175E-09, -2.79145E-09, 2.29706E-10, -1.01932E-14
0.35, 1.1, 0.8, 2.12886E-09, -2.35907E-09, 2.30215E-10, -1.02036E-14
0.4, 1.1, 0.8, 1.75602E-09, -1.98668E-09, 2.30675E-10, -1.02036E-14
0.45, 1.1, 0.8, 1.43628E-09, -1.66736E-09, 2.31091E-10, -1.02036E-14
0.5, 1.1, 0.8, 1.16343E-09, -1.39489E-09, 2.31467E-10, -1.02036E-14
0.55, 1.1, 0.8, 9.31892E-10, -1.16369E-09, 2.3181E-10, -1.02036E-14
0.6, 1.1, 0.8, 7.36663E-10, -9.68777E-10, 2.32123E-10, -1.02036E-14
0.65, 1.1, 0.8, 5.73268E-10, -8.05674E-10, 2.32416E-10, -1.02036E-14
0.7, 1.1, 0.8, 4.37693E-10, -6.70394E-10, 2.32712E-10, -1.02036E-14
0.75, 1.1, 0.8, 3.26201E-10, -5.59378E-10, 2.33187E-10, -1.02106E-14
0.8, 1.1, 0.8, 2.34732E-10, -4.69445E-10, 2.34723E-10, -1.02106E-14
0.85, 1.1, 0.8, 1.56424E-10, -3.97771E-10, 2.41358E-10, -1.01932E-14
0.9, 1.1, 0.8, 7.00632E-11, -3.41846E-10, 2.71793E-10, -1.01794E-14
0.95, 1.1, 0.8, -1.14322E-10, -2.9944E-10, 4.13773E-10, -1.01273E-14
1, 1.1, 0.8, -7.97079E-10, -2.6858E-10, 1.06567E-09, -9.82547E-15
1.05, 1.1, 0.8, -3.69389E-09, -2.47521E-10, 3.94142E-09, -8.22953E-15
1.1, 1.1, 0.8, -1.5642E-08, -2.34722E-10, 1.58767E-08, -2.32453E-16
0, 1.1, 0.85, 6.96022E-09, -7.0714E-09, 1.18273E-10, -7.08474E-12
0.05, 1.1, 0.85, 5.96105E-09, -6.0836E-09, 1.22678E-10, -1.33917E-13
0.1, 1.1, 0.85, 5.09028E-09, -5.21693E-09, 1.2666E-10, -1.05124E-14
0.15, 1.1, 0.85, 4.32813E-09, -4.45838E-09, 1.3026E-10, -1.01932E-14
0.2, 1.1, 0.85, 3.66271E-09, -3.79621E-09, 1.33514E-10, -1.02106E-14
0.25, 1.1, 0.85, 3.08341E-09, -3.21985E-09, 1.36455E-10, -1.02106E-14
0.3, 1.1, 0.85, 2.58067E-09, -2.71978E-09, 1.39113E-10, -1.02106E-14
0.35, 1.1, 0.85, 2.14589E-09, -2.2874E-09, 1.41516E-10, -1.02106E-14
0.4, 1.1, 0.85, 1.77133E-09, -1.91501E-09, 1.43688E-10, -1.01932E-14
0.45, 1.1, 0.85, 1.45005E-09, -1.59569E-09, 1.45652E-10, -1.01932E-14
0.5, 1.1, 0.85, 1.1758E-09, -1.32322E-09, 1.47429E-10, -1.01932E-14
0.55, 1.1, 0.85, 9.42989E-10, -1.09202E-09, 1.4904E-10, -1.01932E-14
0.6, 1.1, 0.85, 7.46607E-10, -8.97103E-10, 1.50506E-10, -1.01932E-14
0.65, 1.1, 0.85, 5.82163E-10, -7.34E-10, 1.51847E-10, -1.01932E-14
0.7, 1.1, 0.85, 4.4563E-10, -5.98723E-10, 1.53102E-10, -1.01932E-14
0.75, 1.1, 0.85, 3.33338E-10, -4.87702E-10, 1.54376E-10, -1.02141E-14
0.8, 1.1, 0.85, 2.41367E-10, -3.97771E-10, 1.56414E-10, -1.02141E-14
0.85, 1.1, 0.85, 1.63059E-10, -3.26098E-10, 1.6305E-10, -1.01932E-14
0.9, 1.1, 0.85, 7.87347E-11, -2.70173E-10, 1.91449E-10, -1.01794E-14
0.95, 1.1, 0.85, -9.1694E-11, -2.2777E-10, 3.19472E-10, -1.01273E-14
1, 1.1, 0.85, -7.06537E-10, -1.96906E-10, 9.03455E-10, -9.82547E-15
1.05, 1.1, 0.85, -3.31686E-09, -1.7585E-10, 3.49272E-09, -8.24341E-15
1.1, 1.1, 0.85, -1.41424E-08, -1.63046E-10, 1.43055E-08, -2.39392E-16
0, 1.1, 0.9, 7.12465E-09, -7.01548E-09, -1.02084E-10, -7.08473E-12
0.05, 1.1, 0.9, 6.10956E-09, -6.02767E-09, -8.17512E-11, -1.33893E-13
0.1, 1.1, 0.9, 5.22435E-09, -5.161E-09, -6.33423E-11, -1.04916E-14
0.15, 1.1, 0.9, 4.44914E-09, -4.40245E-09, -4.66777E-11, -1.01932E-14
0.2, 1.1, 0.9, 3.77189E-09, -3.74029E-09, -3.15947E-11, -1.01932E-14
0.25, 1.1, 0.9, 3.18188E-09, -3.16393E-09, -1.79453E-11, -1.01932E-14
0.3, 1.1, 0.9, 2.66945E-09, -2.66385E-09, -5.59453E-12, -1.01932E-14
0.35, 1.1, 0.9, 2.2259E-09, -2.23147E-09, 5.58038E-12, -1.01932E-14
0.4, 1.1, 0.9, 1.8434E-09, -1.85908E-09, 1.56916E-11, -1.01932E-14
0.45, 1.1, 0.9, 1.51493E-09, -1.53976E-09, 2.4842E-11, -1.01932E-14
0.5, 1.1, 0.9, 1.23418E-09, -1.26729E-09, 3.31258E-11, -1.01932E-14
0.55, 1.1, 0.9, 9.95473E-10, -1.03609E-09, 4.0631E-11, -1.01932E-14
0.6, 1.1, 0.9, 7.93746E-10, -8.41176E-10, 4.74412E-11, -1.01932E-14
0.65, 1.1, 0.9, 6.24445E-10, -6.78073E-10, 5.36402E-11, -1.01932E-14
0.7, 1.1, 0.9, 4.83483E-10, -5.42796E-10, 5.9324E-11, -1.01932E-14
0.75, 1.1, 0.9, 3.67145E-10, -4.31779E-10, 6.46437E-11, -1.02071E-14
0.8, 1.1, 0.9, 2.71803E-10, -3.41846E-10, 7.00534E-11, -1.02071E-14
0.85, 1.1, 0.9, 1.91459E-10, -2.70173E-10, 7.87249E-11, -1.01932E-14
0.9, 1.1, 0.9, 1.07134E-10, -2.14248E-10, 1.07124E-10, -1.01689E-14
0.95, 1.1, 0.9, -5.53072E-11, -1.71841E-10, 2.2716E-10, -1.01134E-14
1, 1.1, 0.9, -6.1398E-10, -1.40982E-10, 7.54973E-10, -9.80119E-15
1.05, 1.1, 0.9, -2.96103E-09, -1.19924E-10, 3.08097E-09, -8.22259E-15
1.1, 1.1, 0.9, -1.27493E-08, -1.07123E-10, 1.28565E-08, -2.18575E-16
0, 1.1, 0.95, 7.87214E-09, -6.97307E-09, -8.91984E-10, -7.08477E-12
0.05, 1.1, 0.95, 6.78599E-09, -5.98527E-09, -8.00587E-10, -1.33917E-13
0.1, 1.1, 0.95, 5.83627E-09, -5.11859E-09, -7.17661E-10, -1.04916E-14
0.15, 1.1, 0.95, 5.00249E-09, -4.36004E-09, -6.42436E-10, -1.01794E-14
0.2, 1.1, 0.95, 4.2721E-09, -3.69788E-09, -5.74212E-10, -1.01794E-14
0.25, 1.1, 0.95, 3.63388E-09, -3.12152E-09, -5.12351E-10, -1.01794E-14
0.3, 1.1, 0.95, 3.07772E-09, -2.62144E-09, -4.5627E-10, -1.01932E-14
0.35, 1.1, 0.95, 2.59451E-09, -2.18906E-09, -4.05438E-10, -1.01794E-14
0.4, 1.1, 0.95, 2.17606E-09, -1.81668E-09, -3.59369E-10, -1.01794E-14
0.45, 1.1, 0.95, 1.81498E-09, -1.49736E-09, -3.17616E-10, -1.01794E-14
0.5, 1.1, 0.95, 1.50467E-09, -1.22489E-09, -2.79772E-10, -1.01794E-14
0.55, 1.1, 0.95, 1.23916E-09, -9.93687E-10, -2.45457E-10, -1.01794E-14
0.6, 1.1, 0.95, 1.0131E-09, -7.98773E-10, -2.1432E-10, -1.01794E-14
0.65, 1.1, 0.95, 8.21704E-10, -6.35669E-10, -1.86024E-10, -1.01794E-14
0.7, 1.1, 0.95, 6.6063E-10, -5.00391E-10, -1.60228E-10, -1.01794E-14
0.75, 1.1, 0.95, 5.25923E-10, -3.89374E-10, -1.3654E-10, -1.01863E-14
0.8, 1.1, 0.95, 4.13783E-10, -2.9944E-10, -1.14332E-10, -1.01794E-14
0.85, 1.1, 0.95, 3.19482E-10, -2.2777E-10, -9.17038E-11, -1.01794E-14
0.9, 1.1, 0.95, 2.27169E-10, -1.71841E-10, -5.53169E-11, -1.01724E-14
0.95, 1.1, 0.95, 6.47282E-11, -1.29438E-10, 6.47185E-11, -1.0103E-14
1, 1.1, 0.95, -4.64319E-10, -9.85771E-11, 5.62906E-10, -9.80119E-15
1.05, 1.1, 0.95, -2.5953E-09, -7.75184E-11, 2.67283E-09, -8.22953E-15
1.1, 1.1, 0.95, -1.14263E-08, -6.4718E-11, 1.1491E-08, -2.08167E-16
0, 1.1, 1, 1.11455E-08, -6.94221E-09, -4.19621E-09, -7.08577E-12
0.05, 1.1, 1, 9.75713E-09, -5.95441E-09, -3.80259E-09, -1.33948E-13
0.1, 1.1, 1, 8.53201E-09, -5.08774E-09, -3.44426E-09, -1.05263E-14
0.15, 1.1, 1, 7.44734E-09, -4.32918E-09, -3.11814E-09, -1.02106E-14
0.2, 1.1, 1, 6.48846E-09, -3.66702E-09, -2.82142E-09, -1.02106E-14
0.25, 1.1, 1, 5.64221E-09, -3.09066E-09, -2.55154E-09, -1.02106E-14
0.3, 1.1, 1, 4.89672E-09, -2.59058E-09, -2.30613E-09, -1.02106E-14
0.35, 1.1, 1, 4.24126E-09, -2.1582E-09, -2.08304E-09, -1.02036E-14
0.4, 1.1, 1, 3.66613E-09, -1.78582E-09, -1.8803E-09, -1.02036E-14
0.45, 1.1, 1, 3.16257E-09, -1.4665E-09, -1.69607E-09, -1.01932E-14
0.5, 1.1, 1, 2.72271E-09, -1.19402E-09, -1.52868E-09, -1.01932E-14
0.55, 1.1, 1, 2.33942E-09, -9.6283E-10, -1.37658E-09, -1.01932E-14
0.6, 1.1, 1, 2.00626E-09, -7.6791E-10, -1.23834E-09, -1.01932E-14
0.65, 1.1, 1, 1.71742E-09, -6.0481E-10, -1.1126E-09, -1.01932E-14
0.7, 1.1, 1, 1.46761E-09, -4.6953E-10, -9.98071E-10, -1.01932E-14
0.75, 1.1, 1, 1.25194E-09, -3.58515E-10, -8.93419E-10, -1.02071E-14
0.8, 1.1, 1, 1.06568E-09, -2.6858E-10, -7.97089E-10, -1.02071E-14
0.85, 1.1, 1, 9.03465E-10, -1.96906E-10, -7.06546E-10, -1.01932E-14
0.9, 1.1, 1, 7.54983E-10, -1.40982E-10, -6.1399E-10, -1.01689E-14
0.95, 1.1, 1, 5.62915E-10, -9.85771E-11, -4.64328E-10, -1.01134E-14
1, 1.1, 1, 3.38682E-11, -6.77183E-11, 3.38588E-11, -9.80119E-15
1.05, 1.1, 1, -1.99796E-09, -4.6656E-11, 2.04463E-09, -8.22259E-15
1.1, 1.1, 1, -1.00539E-08, -3.38574E-11, 1.00877E-08, -2.18575E-16
0, 1.1, 1.05, 2.46584E-08, -6.92115E-09, -1.77301E-08, -7.09238E-12
0.05, 1.1, 1.05, 2.20781E-08, -5.93335E-09, -1.61446E-08, -1.3483E-13
0.1, 1.1, 1.05, 1.97609E-08, -5.06668E-09, -1.46942E-08, -1.05922E-14
0.15, 1.1, 1.05, 1.76758E-08, -4.30813E-09, -1.33677E-08, -1.02279E-14
0.2, 1.1, 1.05, 1.58009E-08, -3.64596E-09, -1.21549E-08, -1.0221E-14
0.25, 1.1, 1.05, 1.41161E-08, -3.06961E-09, -1.10465E-08, -1.0221E-14
0.3, 1.1, 1.05, 1.26035E-08, -2.56952E-09, -1.00339E-08, -1.02036E-14
0.35, 1.1, 1.05, 1.12464E-08, -2.13715E-09, -9.10929E-09, -1.01967E-14
0.4, 1.1, 1.05, 1.003E-08, -1.76476E-09, -8.26526E-09, -1.02036E-14
0.45, 1.1, 1.05, 8.94051E-09, -1.44544E-09, -7.49506E-09, -1.01967E-14
0.5, 1.1, 1.05, 7.96541E-09, -1.17297E-09, -6.79243E-09, -1.01898E-14
0.55, 1.1, 1.05, 7.09333E-09, -9.41769E-10, -6.15155E-09, -1.01898E-14
0.6, 1.1, 1.05, 6.31388E-09, -7.46851E-10, -5.56702E-09, -1.01655E-14
0.65, 1.1, 1.05, 5.61753E-09, -5.83752E-10, -5.03376E-09, -1.01655E-14
0.7, 1.1, 1.05, 4.99546E-09, -4.48471E-10, -4.54698E-09, -1.01655E-14
0.75, 1.1, 1.05, 4.43945E-09, -3.37455E-10, -4.10198E-09, -1.01724E-14
0.8, 1.1, 1.05, 3.94143E-09, -2.47521E-10, -3.6939E-09, -1.01551E-14
0.85, 1.1, 1.05, 3.49273E-09, -1.7585E-10, -3.31687E-09, -1.01516E-14
0.9, 1.1, 1.05, 3.08098E-09, -1.19924E-10, -2.96104E-09, -1.01481E-14
0.95, 1.1, 1.05, 2.67284E-09, -7.75184E-11, -2.59531E-09, -1.00892E-14
1, 1.1, 1.05, 2.04464E-09, -4.6656E-11, -1.99797E-09, -9.78037E-15
1.05, 1.1, 1.05, 1.28078E-11, -2.55991E-11, 1.28E-11, -8.1983E-15
1.1, 1.1, 1.05, -7.77151E-09, -1.27969E-11, 7.78431E-09, -1.8735E-16
0, 1.1, 1.1, 7.59195E-08, -6.90835E-09, -6.9004E-08, -7.17443E-12
0.05, 1.1, 1.1, 6.91001E-08, -5.92055E-09, -6.31794E-08, -1.5123E-13
0.1, 1.1, 1.1, 6.28717E-08, -5.05388E-09, -5.78178E-08, -1.33539E-14
0.15, 1.1, 1.1, 5.71789E-08, -4.29532E-09, -5.28835E-08, -1.0443E-14
0.2, 1.1, 1.1, 5.1977E-08, -3.63316E-09, -4.83438E-08, -1.02557E-14
0.25, 1.1, 1.1, 4.72258E-08, -3.0568E-09, -4.41689E-08, -1.02245E-14
0.3, 1.1, 1.1, 4.2888E-08, -2.55672E-09, -4.03312E-08, -1.01932E-14
0.35, 1.1, 1.1, 3.89295E-08, -2.12435E-09, -3.68052E-08, -1.01585E-14
0.4, 1.1, 1.1, 3.5319E-08, -1.75196E-09, -3.3567E-08, -1.01308E-14
0.45, 1.1, 1.1, 3.20272E-08, -1.43264E-09, -3.05946E-08, -1.00996E-14
0.5, 1.1, 1.1, 2.90273E-08, -1.16017E-09, -2.78671E-08, -1.00822E-14
0.55, 1.1, 1.1, 2.62944E-08, -9.28969E-10, -2.53654E-08, -1.00718E-14
0.6, 1.1, 1.1, 2.38054E-08, -7.34053E-10, -2.30713E-08, -1.0051E-14
0.65, 1.1, 1.1, 2.15388E-08, -5.70953E-10, -2.09678E-08, -1.00406E-14
0.7, 1.1, 1.1, 1.94744E-08, -4.35671E-10, -1.90387E-08, -1.00406E-14
0.75, 1.1, 1.1, 1.75933E-08, -3.24656E-10, -1.72686E-08, -1.00406E-14
0.8, 1.1, 1.1, 1.58767E-08, -2.34722E-10, -1.5642E-08, -1.00198E-14
0.85, 1.1, 1.1, 1.43055E-08, -1.63046E-10, -1.41424E-08, -9.98854E-15
0.9, 1.1, 1.1, 1.28565E-08, -1.07123E-10, -1.27493E-08, -9.99895E-15
0.95, 1.1, 1.1, 1.1491E-08, -6.4718E-11, -1.14263E-08, -9.91915E-15
1, 1.1, 1.1, 1.00878E-08, -3.38574E-11, -1.00539E-08, -9.61037E-15
1.05, 1.1, 1.1, 7.78432E-09, -1.27969E-11, -7.77151E-09, -8.02483E-15
1.1, 1.1, 1.1, 7.89359E-19, -1.77636E-15, 7.89397E-19, -1.38778E-17
